country_group,seasonality,sex,age_group,month,unemployment,unemployment_rate
eu,nsa,f,y25-74,2000.01,7655000,9
eu,nsa,f,y25-74,2000.02,7668000,9
eu,nsa,f,y25-74,2000.03,7686000,9
eu,nsa,f,y25-74,2000.04,7413000,8.6
eu,nsa,f,y25-74,2000.05,7340000,8.5
eu,nsa,f,y25-74,2000.06,7309000,8.4
eu,nsa,f,y25-74,2000.07,7122000,8.2
eu,nsa,f,y25-74,2000.08,7289000,8.4
eu,nsa,f,y25-74,2000.09,7216000,8.3
eu,nsa,f,y25-74,2000.10,7170000,8.3
eu,nsa,f,y25-74,2000.11,7153000,8.2
eu,nsa,f,y25-74,2000.12,7100000,8.2
eu,nsa,f,y25-74,2001.01,7322000,8.5
eu,nsa,f,y25-74,2001.02,7304000,8.5
eu,nsa,f,y25-74,2001.03,7357000,8.5
eu,nsa,f,y25-74,2001.04,7104000,8.2
eu,nsa,f,y25-74,2001.05,7065000,8.1
eu,nsa,f,y25-74,2001.06,7049000,8.1
eu,nsa,f,y25-74,2001.07,6858000,7.8
eu,nsa,f,y25-74,2001.08,7042000,8
eu,nsa,f,y25-74,2001.09,6981000,8
eu,nsa,f,y25-74,2001.10,7054000,8.1
eu,nsa,f,y25-74,2001.11,7134000,8.1
eu,nsa,f,y25-74,2001.12,7148000,8.2
eu,nsa,f,y25-74,2002.01,7454000,8.6
eu,nsa,f,y25-74,2002.02,7463000,8.6
eu,nsa,f,y25-74,2002.03,7553000,8.6
eu,nsa,f,y25-74,2002.04,7385000,8.4
eu,nsa,f,y25-74,2002.05,7307000,8.3
eu,nsa,f,y25-74,2002.06,7345000,8.3
eu,nsa,f,y25-74,2002.07,7291000,8.2
eu,nsa,f,y25-74,2002.08,7526000,8.5
eu,nsa,f,y25-74,2002.09,7496000,8.4
eu,nsa,f,y25-74,2002.10,7543000,8.5
eu,nsa,f,y25-74,2002.11,7591000,8.5
eu,nsa,f,y25-74,2002.12,7558000,8.5
eu,nsa,f,y25-74,2003.01,7858000,8.9
eu,nsa,f,y25-74,2003.02,7827000,8.8
eu,nsa,f,y25-74,2003.03,7884000,8.8
eu,nsa,f,y25-74,2003.04,7515000,8.4
eu,nsa,f,y25-74,2003.05,7432000,8.3
eu,nsa,f,y25-74,2003.06,7442000,8.3
eu,nsa,f,y25-74,2003.07,7346000,8.2
eu,nsa,f,y25-74,2003.08,7559000,8.4
eu,nsa,f,y25-74,2003.09,7501000,8.4
eu,nsa,f,y25-74,2003.10,7680000,8.5
eu,nsa,f,y25-74,2003.11,7748000,8.6
eu,nsa,f,y25-74,2003.12,7790000,8.6
eu,nsa,f,y25-74,2004.01,8210000,9.1
eu,nsa,f,y25-74,2004.02,8197000,9.1
eu,nsa,f,y25-74,2004.03,8093000,9
eu,nsa,f,y25-74,2004.04,7680000,8.5
eu,nsa,f,y25-74,2004.05,7528000,8.3
eu,nsa,f,y25-74,2004.06,7366000,8.1
eu,nsa,f,y25-74,2004.07,7314000,8.1
eu,nsa,f,y25-74,2004.08,7532000,8.3
eu,nsa,f,y25-74,2004.09,7672000,8.4
eu,nsa,f,y25-74,2004.10,7838000,8.5
eu,nsa,f,y25-74,2004.11,7877000,8.6
eu,nsa,f,y25-74,2004.12,7830000,8.5
eu,nsa,f,y25-74,2005.01,8040000,8.8
eu,nsa,f,y25-74,2005.02,8040000,8.8
eu,nsa,f,y25-74,2005.03,8015000,8.7
eu,nsa,f,y25-74,2005.04,7744000,8.4
eu,nsa,f,y25-74,2005.05,7679000,8.3
eu,nsa,f,y25-74,2005.06,7602000,8.2
eu,nsa,f,y25-74,2005.07,7284000,7.9
eu,nsa,f,y25-74,2005.08,7543000,8.2
eu,nsa,f,y25-74,2005.09,7775000,8.4
eu,nsa,f,y25-74,2005.10,8000000,8.6
eu,nsa,f,y25-74,2005.11,7859000,8.5
eu,nsa,f,y25-74,2005.12,7827000,8.4
eu,nsa,f,y25-74,2006.01,8092000,8.7
eu,nsa,f,y25-74,2006.02,7857000,8.5
eu,nsa,f,y25-74,2006.03,7746000,8.3
eu,nsa,f,y25-74,2006.04,7228000,7.7
eu,nsa,f,y25-74,2006.05,7087000,7.6
eu,nsa,f,y25-74,2006.06,7086000,7.6
eu,nsa,f,y25-74,2006.07,6835000,7.3
eu,nsa,f,y25-74,2006.08,7092000,7.6
eu,nsa,f,y25-74,2006.09,7029000,7.5
eu,nsa,f,y25-74,2006.10,7066000,7.5
eu,nsa,f,y25-74,2006.11,7108000,7.6
eu,nsa,f,y25-74,2006.12,6905000,7.4
eu,nsa,f,y25-74,2007.01,7011000,7.5
eu,nsa,f,y25-74,2007.02,6940000,7.4
eu,nsa,f,y25-74,2007.03,6684000,7.1
eu,nsa,f,y25-74,2007.04,6507000,6.9
eu,nsa,f,y25-74,2007.05,6334000,6.7
eu,nsa,f,y25-74,2007.06,6152000,6.5
eu,nsa,f,y25-74,2007.07,6166000,6.5
eu,nsa,f,y25-74,2007.08,6243000,6.6
eu,nsa,f,y25-74,2007.09,6245000,6.6
eu,nsa,f,y25-74,2007.10,6380000,6.7
eu,nsa,f,y25-74,2007.11,6360000,6.7
eu,nsa,f,y25-74,2007.12,6277000,6.6
eu,nsa,f,y25-74,2008.01,6447000,6.8
eu,nsa,f,y25-74,2008.02,6379000,6.7
eu,nsa,f,y25-74,2008.03,6132000,6.4
eu,nsa,f,y25-74,2008.04,6125000,6.4
eu,nsa,f,y25-74,2008.05,5992000,6.3
eu,nsa,f,y25-74,2008.06,6040000,6.3
eu,nsa,f,y25-74,2008.07,5942000,6.2
eu,nsa,f,y25-74,2008.08,6138000,6.4
eu,nsa,f,y25-74,2008.09,6090000,6.3
eu,nsa,f,y25-74,2008.10,6286000,6.5
eu,nsa,f,y25-74,2008.11,6428000,6.7
eu,nsa,f,y25-74,2008.12,6589000,6.8
eu,nsa,f,y25-74,2009.01,7152000,7.4
eu,nsa,f,y25-74,2009.02,7462000,7.7
eu,nsa,f,y25-74,2009.03,7365000,7.6
eu,nsa,f,y25-74,2009.04,7331000,7.5
eu,nsa,f,y25-74,2009.05,7249000,7.5
eu,nsa,f,y25-74,2009.06,7254000,7.5
eu,nsa,f,y25-74,2009.07,7293000,7.5
eu,nsa,f,y25-74,2009.08,7422000,7.6
eu,nsa,f,y25-74,2009.09,7419000,7.6
eu,nsa,f,y25-74,2009.10,7734000,7.9
eu,nsa,f,y25-74,2009.11,7827000,8
eu,nsa,f,y25-74,2009.12,7874000,8.1
eu,nsa,f,y25-74,2010.01,8406000,8.6
eu,nsa,f,y25-74,2010.02,8449000,8.7
eu,nsa,f,y25-74,2010.03,8350000,8.5
eu,nsa,f,y25-74,2010.04,8132000,8.3
eu,nsa,f,y25-74,2010.05,8066000,8.2
eu,nsa,f,y25-74,2010.06,7859000,8
eu,nsa,f,y25-74,2010.07,7890000,8
eu,nsa,f,y25-74,2010.08,7829000,8
eu,nsa,f,y25-74,2010.09,8006000,8.1
eu,nsa,f,y25-74,2010.10,8243000,8.4
eu,nsa,f,y25-74,2010.11,8186000,8.3
eu,nsa,f,y25-74,2010.12,8070000,8.2
eu,nsa,f,y_lt25,2000.01,2506000,19
eu,nsa,f,y_lt25,2000.02,2486000,19
eu,nsa,f,y_lt25,2000.03,2438000,18.6
eu,nsa,f,y_lt25,2000.04,2349000,17.9
eu,nsa,f,y_lt25,2000.05,2336000,17.7
eu,nsa,f,y_lt25,2000.06,2405000,17.9
eu,nsa,f,y_lt25,2000.07,2455000,17.8
eu,nsa,f,y_lt25,2000.08,2513000,18.2
eu,nsa,f,y_lt25,2000.09,2526000,18.3
eu,nsa,f,y_lt25,2000.10,2477000,18.3
eu,nsa,f,y_lt25,2000.11,2445000,18.1
eu,nsa,f,y_lt25,2000.12,2349000,17.5
eu,nsa,f,y_lt25,2001.01,2385000,18.1
eu,nsa,f,y_lt25,2001.02,2379000,18.1
eu,nsa,f,y_lt25,2001.03,2356000,18
eu,nsa,f,y_lt25,2001.04,2275000,17.4
eu,nsa,f,y_lt25,2001.05,2303000,17.5
eu,nsa,f,y_lt25,2001.06,2372000,17.7
eu,nsa,f,y_lt25,2001.07,2413000,17.5
eu,nsa,f,y_lt25,2001.08,2476000,17.9
eu,nsa,f,y_lt25,2001.09,2498000,18.1
eu,nsa,f,y_lt25,2001.10,2466000,18.3
eu,nsa,f,y_lt25,2001.11,2420000,18.1
eu,nsa,f,y_lt25,2001.12,2339000,17.7
eu,nsa,f,y_lt25,2002.01,2402000,18.4
eu,nsa,f,y_lt25,2002.02,2368000,18.3
eu,nsa,f,y_lt25,2002.03,2342000,18.1
eu,nsa,f,y_lt25,2002.04,2280000,17.7
eu,nsa,f,y_lt25,2002.05,2272000,17.6
eu,nsa,f,y_lt25,2002.06,2372000,18
eu,nsa,f,y_lt25,2002.07,2433000,18
eu,nsa,f,y_lt25,2002.08,2497000,18.4
eu,nsa,f,y_lt25,2002.09,2495000,18.5
eu,nsa,f,y_lt25,2002.10,2437000,18.6
eu,nsa,f,y_lt25,2002.11,2373000,18.2
eu,nsa,f,y_lt25,2002.12,2285000,17.8
eu,nsa,f,y_lt25,2003.01,2318000,18.3
eu,nsa,f,y_lt25,2003.02,2285000,18.2
eu,nsa,f,y_lt25,2003.03,2269000,18.1
eu,nsa,f,y_lt25,2003.04,2257000,18
eu,nsa,f,y_lt25,2003.05,2296000,18.2
eu,nsa,f,y_lt25,2003.06,2405000,18.6
eu,nsa,f,y_lt25,2003.07,2413000,18.2
eu,nsa,f,y_lt25,2003.08,2429000,18.4
eu,nsa,f,y_lt25,2003.09,2431000,18.4
eu,nsa,f,y_lt25,2003.10,2322000,18.1
eu,nsa,f,y_lt25,2003.11,2273000,17.9
eu,nsa,f,y_lt25,2003.12,2215000,17.6
eu,nsa,f,y_lt25,2004.01,2320000,18.4
eu,nsa,f,y_lt25,2004.02,2357000,18.8
eu,nsa,f,y_lt25,2004.03,2324000,18.4
eu,nsa,f,y_lt25,2004.04,2323000,18.6
eu,nsa,f,y_lt25,2004.05,2339000,18.6
eu,nsa,f,y_lt25,2004.06,2428000,18.8
eu,nsa,f,y_lt25,2004.07,2447000,18.5
eu,nsa,f,y_lt25,2004.08,2476000,18.8
eu,nsa,f,y_lt25,2004.09,2548000,19.4
eu,nsa,f,y_lt25,2004.10,2500000,19.4
eu,nsa,f,y_lt25,2004.11,2420000,19
eu,nsa,f,y_lt25,2004.12,2277000,18.2
eu,nsa,f,y_lt25,2005.01,2301000,18.6
eu,nsa,f,y_lt25,2005.02,2328000,18.9
eu,nsa,f,y_lt25,2005.03,2240000,18.3
eu,nsa,f,y_lt25,2005.04,2193000,18
eu,nsa,f,y_lt25,2005.05,2274000,18.3
eu,nsa,f,y_lt25,2005.06,2336000,18.4
eu,nsa,f,y_lt25,2005.07,2435000,18.8
eu,nsa,f,y_lt25,2005.08,2403000,18.5
eu,nsa,f,y_lt25,2005.09,2505000,19.3
eu,nsa,f,y_lt25,2005.10,2371000,18.7
eu,nsa,f,y_lt25,2005.11,2286000,18.1
eu,nsa,f,y_lt25,2005.12,2178000,17.5
eu,nsa,f,y_lt25,2006.01,2222000,18.1
eu,nsa,f,y_lt25,2006.02,2251000,18.4
eu,nsa,f,y_lt25,2006.03,2166000,17.7
eu,nsa,f,y_lt25,2006.04,2101000,17.3
eu,nsa,f,y_lt25,2006.05,2111000,17.2
eu,nsa,f,y_lt25,2006.06,2119000,16.9
eu,nsa,f,y_lt25,2006.07,2222000,17.3
eu,nsa,f,y_lt25,2006.08,2307000,17.9
eu,nsa,f,y_lt25,2006.09,2338000,18.1
eu,nsa,f,y_lt25,2006.10,2248000,17.8
eu,nsa,f,y_lt25,2006.11,2110000,16.9
eu,nsa,f,y_lt25,2006.12,2000000,16.2
eu,nsa,f,y_lt25,2007.01,2086000,17.2
eu,nsa,f,y_lt25,2007.02,2003000,16.6
eu,nsa,f,y_lt25,2007.03,1869000,15.7
eu,nsa,f,y_lt25,2007.04,1851000,15.4
eu,nsa,f,y_lt25,2007.05,1857000,15.3
eu,nsa,f,y_lt25,2007.06,2003000,16
eu,nsa,f,y_lt25,2007.07,1941000,15.2
eu,nsa,f,y_lt25,2007.08,2031000,15.9
eu,nsa,f,y_lt25,2007.09,2064000,16.1
eu,nsa,f,y_lt25,2007.10,1954000,15.7
eu,nsa,f,y_lt25,2007.11,1830000,14.8
eu,nsa,f,y_lt25,2007.12,1763000,14.4
eu,nsa,f,y_lt25,2008.01,1826000,15.1
eu,nsa,f,y_lt25,2008.02,1804000,14.9
eu,nsa,f,y_lt25,2008.03,1755000,14.7
eu,nsa,f,y_lt25,2008.04,1794000,14.8
eu,nsa,f,y_lt25,2008.05,1836000,15.1
eu,nsa,f,y_lt25,2008.06,1913000,15.4
eu,nsa,f,y_lt25,2008.07,1948000,15.2
eu,nsa,f,y_lt25,2008.08,2015000,15.8
eu,nsa,f,y_lt25,2008.09,2017000,16
eu,nsa,f,y_lt25,2008.10,1972000,15.9
eu,nsa,f,y_lt25,2008.11,1987000,16.2
eu,nsa,f,y_lt25,2008.12,1856000,15.4
eu,nsa,f,y_lt25,2009.01,1986000,16.6
eu,nsa,f,y_lt25,2009.02,2151000,17.8
eu,nsa,f,y_lt25,2009.03,2190000,18.2
eu,nsa,f,y_lt25,2009.04,2145000,17.9
eu,nsa,f,y_lt25,2009.05,2146000,17.8
eu,nsa,f,y_lt25,2009.06,2200000,18
eu,nsa,f,y_lt25,2009.07,2315000,18.6
eu,nsa,f,y_lt25,2009.08,2375000,19.1
eu,nsa,f,y_lt25,2009.09,2470000,19.9
eu,nsa,f,y_lt25,2009.10,2333000,19.2
eu,nsa,f,y_lt25,2009.11,2215000,18.6
eu,nsa,f,y_lt25,2009.12,2106000,17.9
eu,nsa,f,y_lt25,2010.01,2202000,19
eu,nsa,f,y_lt25,2010.02,2291000,19.6
eu,nsa,f,y_lt25,2010.03,2214000,19.1
eu,nsa,f,y_lt25,2010.04,2241000,19.3
eu,nsa,f,y_lt25,2010.05,2285000,19.5
eu,nsa,f,y_lt25,2010.06,2288000,19.3
eu,nsa,f,y_lt25,2010.07,2355000,19.4
eu,nsa,f,y_lt25,2010.08,2402000,19.8
eu,nsa,f,y_lt25,2010.09,2511000,20.7
eu,nsa,f,y_lt25,2010.10,2482000,20.8
eu,nsa,f,y_lt25,2010.11,2386000,20.2
eu,nsa,f,y_lt25,2010.12,2258000,19.5
eu,nsa,m,y25-74,2000.01,7786000,7.1
eu,nsa,m,y25-74,2000.02,7875000,7.2
eu,nsa,m,y25-74,2000.03,7846000,7.2
eu,nsa,m,y25-74,2000.04,7424000,6.8
eu,nsa,m,y25-74,2000.05,7201000,6.6
eu,nsa,m,y25-74,2000.06,6994000,6.4
eu,nsa,m,y25-74,2000.07,6832000,6.2
eu,nsa,m,y25-74,2000.08,6752000,6.1
eu,nsa,m,y25-74,2000.09,6708000,6.1
eu,nsa,m,y25-74,2000.10,6759000,6.1
eu,nsa,m,y25-74,2000.11,6803000,6.2
eu,nsa,m,y25-74,2000.12,6998000,6.4
eu,nsa,m,y25-74,2001.01,7398000,6.8
eu,nsa,m,y25-74,2001.02,7464000,6.8
eu,nsa,m,y25-74,2001.03,7480000,6.8
eu,nsa,m,y25-74,2001.04,7167000,6.5
eu,nsa,m,y25-74,2001.05,7073000,6.4
eu,nsa,m,y25-74,2001.06,6954000,6.3
eu,nsa,m,y25-74,2001.07,6857000,6.2
eu,nsa,m,y25-74,2001.08,6827000,6.2
eu,nsa,m,y25-74,2001.09,6845000,6.2
eu,nsa,m,y25-74,2001.10,7007000,6.3
eu,nsa,m,y25-74,2001.11,7114000,6.4
eu,nsa,m,y25-74,2001.12,7380000,6.7
eu,nsa,m,y25-74,2002.01,7872000,7.2
eu,nsa,m,y25-74,2002.02,8014000,7.3
eu,nsa,m,y25-74,2002.03,8022000,7.3
eu,nsa,m,y25-74,2002.04,7695000,7
eu,nsa,m,y25-74,2002.05,7559000,6.8
eu,nsa,m,y25-74,2002.06,7455000,6.7
eu,nsa,m,y25-74,2002.07,7403000,6.7
eu,nsa,m,y25-74,2002.08,7422000,6.7
eu,nsa,m,y25-74,2002.09,7476000,6.7
eu,nsa,m,y25-74,2002.10,7646000,6.9
eu,nsa,m,y25-74,2002.11,7727000,7
eu,nsa,m,y25-74,2002.12,7992000,7.2
eu,nsa,m,y25-74,2003.01,8321000,7.5
eu,nsa,m,y25-74,2003.02,8377000,7.6
eu,nsa,m,y25-74,2003.03,8423000,7.6
eu,nsa,m,y25-74,2003.04,7974000,7.2
eu,nsa,m,y25-74,2003.05,7791000,7
eu,nsa,m,y25-74,2003.06,7650000,6.9
eu,nsa,m,y25-74,2003.07,7539000,6.8
eu,nsa,m,y25-74,2003.08,7514000,6.7
eu,nsa,m,y25-74,2003.09,7478000,6.7
eu,nsa,m,y25-74,2003.10,7685000,6.9
eu,nsa,m,y25-74,2003.11,7793000,7
eu,nsa,m,y25-74,2003.12,8069000,7.2
eu,nsa,m,y25-74,2004.01,8525000,7.7
eu,nsa,m,y25-74,2004.02,8587000,7.7
eu,nsa,m,y25-74,2004.03,8549000,7.7
eu,nsa,m,y25-74,2004.04,8118000,7.2
eu,nsa,m,y25-74,2004.05,7946000,7.1
eu,nsa,m,y25-74,2004.06,7800000,6.9
eu,nsa,m,y25-74,2004.07,7661000,6.8
eu,nsa,m,y25-74,2004.08,7636000,6.8
eu,nsa,m,y25-74,2004.09,7694000,6.8
eu,nsa,m,y25-74,2004.10,7834000,6.9
eu,nsa,m,y25-74,2004.11,7935000,7
eu,nsa,m,y25-74,2004.12,8120000,7.2
eu,nsa,m,y25-74,2005.01,8489000,7.5
eu,nsa,m,y25-74,2005.02,8523000,7.5
eu,nsa,m,y25-74,2005.03,8603000,7.6
eu,nsa,m,y25-74,2005.04,8237000,7.3
eu,nsa,m,y25-74,2005.05,8029000,7.1
eu,nsa,m,y25-74,2005.06,7734000,6.8
eu,nsa,m,y25-74,2005.07,7415000,6.5
eu,nsa,m,y25-74,2005.08,7563000,6.6
eu,nsa,m,y25-74,2005.09,7502000,6.6
eu,nsa,m,y25-74,2005.10,7772000,6.8
eu,nsa,m,y25-74,2005.11,7709000,6.7
eu,nsa,m,y25-74,2005.12,7823000,6.9
eu,nsa,m,y25-74,2006.01,8206000,7.2
eu,nsa,m,y25-74,2006.02,8171000,7.2
eu,nsa,m,y25-74,2006.03,8050000,7.1
eu,nsa,m,y25-74,2006.04,7685000,6.7
eu,nsa,m,y25-74,2006.05,7238000,6.3
eu,nsa,m,y25-74,2006.06,7103000,6.2
eu,nsa,m,y25-74,2006.07,6932000,6
eu,nsa,m,y25-74,2006.08,6801000,5.9
eu,nsa,m,y25-74,2006.09,6786000,5.9
eu,nsa,m,y25-74,2006.10,6841000,5.9
eu,nsa,m,y25-74,2006.11,6948000,6
eu,nsa,m,y25-74,2006.12,7002000,6.1
eu,nsa,m,y25-74,2007.01,7148000,6.2
eu,nsa,m,y25-74,2007.02,7130000,6.2
eu,nsa,m,y25-74,2007.03,6951000,6
eu,nsa,m,y25-74,2007.04,6360000,5.5
eu,nsa,m,y25-74,2007.05,6359000,5.5
eu,nsa,m,y25-74,2007.06,6028000,5.2
eu,nsa,m,y25-74,2007.07,6154000,5.3
eu,nsa,m,y25-74,2007.08,5966000,5.2
eu,nsa,m,y25-74,2007.09,5949000,5.1
eu,nsa,m,y25-74,2007.10,5894000,5.1
eu,nsa,m,y25-74,2007.11,6087000,5.2
eu,nsa,m,y25-74,2007.12,6312000,5.4
eu,nsa,m,y25-74,2008.01,6580000,5.7
eu,nsa,m,y25-74,2008.02,6506000,5.6
eu,nsa,m,y25-74,2008.03,6462000,5.6
eu,nsa,m,y25-74,2008.04,6345000,5.4
eu,nsa,m,y25-74,2008.05,6096000,5.2
eu,nsa,m,y25-74,2008.06,6147000,5.3
eu,nsa,m,y25-74,2008.07,6020000,5.2
eu,nsa,m,y25-74,2008.08,5939000,5.1
eu,nsa,m,y25-74,2008.09,6089000,5.2
eu,nsa,m,y25-74,2008.10,6332000,5.4
eu,nsa,m,y25-74,2008.11,6764000,5.8
eu,nsa,m,y25-74,2008.12,7340000,6.3
eu,nsa,m,y25-74,2009.01,8162000,7
eu,nsa,m,y25-74,2009.02,8641000,7.4
eu,nsa,m,y25-74,2009.03,8870000,7.6
eu,nsa,m,y25-74,2009.04,8774000,7.5
eu,nsa,m,y25-74,2009.05,8672000,7.4
eu,nsa,m,y25-74,2009.06,8602000,7.4
eu,nsa,m,y25-74,2009.07,8645000,7.4
eu,nsa,m,y25-74,2009.08,8688000,7.4
eu,nsa,m,y25-74,2009.09,8920000,7.6
eu,nsa,m,y25-74,2009.10,9021000,7.7
eu,nsa,m,y25-74,2009.11,9202000,7.9
eu,nsa,m,y25-74,2009.12,9607000,8.2
eu,nsa,m,y25-74,2010.01,10299000,8.8
eu,nsa,m,y25-74,2010.02,10452000,9
eu,nsa,m,y25-74,2010.03,10279000,8.8
eu,nsa,m,y25-74,2010.04,9948000,8.5
eu,nsa,m,y25-74,2010.05,9616000,8.2
eu,nsa,m,y25-74,2010.06,9358000,8
eu,nsa,m,y25-74,2010.07,9221000,7.9
eu,nsa,m,y25-74,2010.08,9141000,7.8
eu,nsa,m,y25-74,2010.09,9133000,7.8
eu,nsa,m,y25-74,2010.10,9340000,8
eu,nsa,m,y25-74,2010.11,9324000,8
eu,nsa,m,y25-74,2010.12,9701000,8.3
eu,nsa,m,y_lt25,2000.01,2693000,17.8
eu,nsa,m,y_lt25,2000.02,2700000,17.9
eu,nsa,m,y_lt25,2000.03,2656000,17.6
eu,nsa,m,y_lt25,2000.04,2499000,16.6
eu,nsa,m,y_lt25,2000.05,2475000,16.3
eu,nsa,m,y_lt25,2000.06,2497000,16.2
eu,nsa,m,y_lt25,2000.07,2577000,16.2
eu,nsa,m,y_lt25,2000.08,2637000,16.4
eu,nsa,m,y_lt25,2000.09,2592000,16.2
eu,nsa,m,y_lt25,2000.10,2568000,16.4
eu,nsa,m,y_lt25,2000.11,2556000,16.3
eu,nsa,m,y_lt25,2000.12,2551000,16.4
eu,nsa,m,y_lt25,2001.01,2636000,17.2
eu,nsa,m,y_lt25,2001.02,2676000,17.4
eu,nsa,m,y_lt25,2001.03,2631000,17.2
eu,nsa,m,y_lt25,2001.04,2472000,16.3
eu,nsa,m,y_lt25,2001.05,2495000,16.3
eu,nsa,m,y_lt25,2001.06,2559000,16.5
eu,nsa,m,y_lt25,2001.07,2632000,16.4
eu,nsa,m,y_lt25,2001.08,2693000,16.7
eu,nsa,m,y_lt25,2001.09,2659000,16.6
eu,nsa,m,y_lt25,2001.10,2703000,17.3
eu,nsa,m,y_lt25,2001.11,2715000,17.5
eu,nsa,m,y_lt25,2001.12,2707000,17.6
eu,nsa,m,y_lt25,2002.01,2833000,18.6
eu,nsa,m,y_lt25,2002.02,2849000,18.7
eu,nsa,m,y_lt25,2002.03,2766000,18.3
eu,nsa,m,y_lt25,2002.04,2615000,17.3
eu,nsa,m,y_lt25,2002.05,2622000,17.2
eu,nsa,m,y_lt25,2002.06,2661000,17.2
eu,nsa,m,y_lt25,2002.07,2754000,17.4
eu,nsa,m,y_lt25,2002.08,2810000,17.7
eu,nsa,m,y_lt25,2002.09,2780000,17.6
eu,nsa,m,y_lt25,2002.10,2789000,18.2
eu,nsa,m,y_lt25,2002.11,2784000,18.3
eu,nsa,m,y_lt25,2002.12,2747000,18.2
eu,nsa,m,y_lt25,2003.01,2844000,19.2
eu,nsa,m,y_lt25,2003.02,2836000,19.2
eu,nsa,m,y_lt25,2003.03,2779000,18.8
eu,nsa,m,y_lt25,2003.04,2657000,17.9
eu,nsa,m,y_lt25,2003.05,2664000,17.8
eu,nsa,m,y_lt25,2003.06,2769000,18
eu,nsa,m,y_lt25,2003.07,2809000,18
eu,nsa,m,y_lt25,2003.08,2834000,18.1
eu,nsa,m,y_lt25,2003.09,2781000,17.9
eu,nsa,m,y_lt25,2003.10,2691000,17.9
eu,nsa,m,y_lt25,2003.11,2643000,17.7
eu,nsa,m,y_lt25,2003.12,2618000,17.7
eu,nsa,m,y_lt25,2004.01,2765000,18.7
eu,nsa,m,y_lt25,2004.02,2819000,19
eu,nsa,m,y_lt25,2004.03,2839000,19.1
eu,nsa,m,y_lt25,2004.04,2641000,18.1
eu,nsa,m,y_lt25,2004.05,2719000,18.2
eu,nsa,m,y_lt25,2004.06,2813000,18.4
eu,nsa,m,y_lt25,2004.07,2834000,18.2
eu,nsa,m,y_lt25,2004.08,2896000,18.4
eu,nsa,m,y_lt25,2004.09,2883000,18.5
eu,nsa,m,y_lt25,2004.10,2751000,18.1
eu,nsa,m,y_lt25,2004.11,2781000,18.5
eu,nsa,m,y_lt25,2004.12,2715000,18.2
eu,nsa,m,y_lt25,2005.01,2803000,19
eu,nsa,m,y_lt25,2005.02,2884000,19.5
eu,nsa,m,y_lt25,2005.03,2875000,19.4
eu,nsa,m,y_lt25,2005.04,2662000,18.3
eu,nsa,m,y_lt25,2005.05,2727000,18.5
eu,nsa,m,y_lt25,2005.06,2760000,18.2
eu,nsa,m,y_lt25,2005.07,2728000,17.8
eu,nsa,m,y_lt25,2005.08,2784000,18.1
eu,nsa,m,y_lt25,2005.09,2836000,18.4
eu,nsa,m,y_lt25,2005.10,2708000,18
eu,nsa,m,y_lt25,2005.11,2661000,17.9
eu,nsa,m,y_lt25,2005.12,2590000,17.7
eu,nsa,m,y_lt25,2006.01,2728000,18.8
eu,nsa,m,y_lt25,2006.02,2701000,18.6
eu,nsa,m,y_lt25,2006.03,2619000,18.1
eu,nsa,m,y_lt25,2006.04,2449000,17
eu,nsa,m,y_lt25,2006.05,2506000,17.1
eu,nsa,m,y_lt25,2006.06,2502000,16.6
eu,nsa,m,y_lt25,2006.07,2558000,16.5
eu,nsa,m,y_lt25,2006.08,2533000,16.4
eu,nsa,m,y_lt25,2006.09,2514000,16.4
eu,nsa,m,y_lt25,2006.10,2452000,16.4
eu,nsa,m,y_lt25,2006.11,2376000,16
eu,nsa,m,y_lt25,2006.12,2265000,15.5
eu,nsa,m,y_lt25,2007.01,2323000,16.1
eu,nsa,m,y_lt25,2007.02,2356000,16.3
eu,nsa,m,y_lt25,2007.03,2267000,15.8
eu,nsa,m,y_lt25,2007.04,2192000,15.2
eu,nsa,m,y_lt25,2007.05,2169000,14.9
eu,nsa,m,y_lt25,2007.06,2215000,14.8
eu,nsa,m,y_lt25,2007.07,2290000,15
eu,nsa,m,y_lt25,2007.08,2352000,15.3
eu,nsa,m,y_lt25,2007.09,2276000,15
eu,nsa,m,y_lt25,2007.10,2179000,14.7
eu,nsa,m,y_lt25,2007.11,2137000,14.5
eu,nsa,m,y_lt25,2007.12,2124000,14.6
eu,nsa,m,y_lt25,2008.01,2148000,14.9
eu,nsa,m,y_lt25,2008.02,2205000,15.3
eu,nsa,m,y_lt25,2008.03,2191000,15.3
eu,nsa,m,y_lt25,2008.04,2098000,14.6
eu,nsa,m,y_lt25,2008.05,2148000,14.8
eu,nsa,m,y_lt25,2008.06,2330000,15.6
eu,nsa,m,y_lt25,2008.07,2380000,15.6
eu,nsa,m,y_lt25,2008.08,2348000,15.4
eu,nsa,m,y_lt25,2008.09,2405000,15.9
eu,nsa,m,y_lt25,2008.10,2414000,16.3
eu,nsa,m,y_lt25,2008.11,2413000,16.5
eu,nsa,m,y_lt25,2008.12,2510000,17.4
eu,nsa,m,y_lt25,2009.01,2672000,18.9
eu,nsa,m,y_lt25,2009.02,2858000,20.1
eu,nsa,m,y_lt25,2009.03,2991000,21
eu,nsa,m,y_lt25,2009.04,2923000,20.7
eu,nsa,m,y_lt25,2009.05,2941000,20.6
eu,nsa,m,y_lt25,2009.06,2994000,20.8
eu,nsa,m,y_lt25,2009.07,3072000,20.9
eu,nsa,m,y_lt25,2009.08,3060000,20.8
eu,nsa,m,y_lt25,2009.09,3182000,21.7
eu,nsa,m,y_lt25,2009.10,3087000,21.6
eu,nsa,m,y_lt25,2009.11,3049000,21.6
eu,nsa,m,y_lt25,2009.12,2962000,21.3
eu,nsa,m,y_lt25,2010.01,3143000,22.9
eu,nsa,m,y_lt25,2010.02,3215000,23.4
eu,nsa,m,y_lt25,2010.03,3166000,23
eu,nsa,m,y_lt25,2010.04,3086000,22.3
eu,nsa,m,y_lt25,2010.05,2936000,21.2
eu,nsa,m,y_lt25,2010.06,2910000,20.7
eu,nsa,m,y_lt25,2010.07,2904000,20.3
eu,nsa,m,y_lt25,2010.08,2895000,20.3
eu,nsa,m,y_lt25,2010.09,3006000,21
eu,nsa,m,y_lt25,2010.10,3005000,21.2
eu,nsa,m,y_lt25,2010.11,2974000,21.3
eu,nsa,m,y_lt25,2010.12,2936000,21.3
eu,sa,f,y25-74,2000.01,7469000,8.7
eu,sa,f,y25-74,2000.02,7472000,8.7
eu,sa,f,y25-74,2000.03,7446000,8.7
eu,sa,f,y25-74,2000.04,7444000,8.6
eu,sa,f,y25-74,2000.05,7420000,8.6
eu,sa,f,y25-74,2000.06,7403000,8.6
eu,sa,f,y25-74,2000.07,7359000,8.5
eu,sa,f,y25-74,2000.08,7337000,8.5
eu,sa,f,y25-74,2000.09,7304000,8.4
eu,sa,f,y25-74,2000.10,7201000,8.3
eu,sa,f,y25-74,2000.11,7169000,8.3
eu,sa,f,y25-74,2000.12,7136000,8.2
eu,sa,f,y25-74,2001.01,7127000,8.2
eu,sa,f,y25-74,2001.02,7122000,8.2
eu,sa,f,y25-74,2001.03,7126000,8.2
eu,sa,f,y25-74,2001.04,7109000,8.2
eu,sa,f,y25-74,2001.05,7132000,8.2
eu,sa,f,y25-74,2001.06,7121000,8.2
eu,sa,f,y25-74,2001.07,7083000,8.1
eu,sa,f,y25-74,2001.08,7082000,8.1
eu,sa,f,y25-74,2001.09,7083000,8.1
eu,sa,f,y25-74,2001.10,7118000,8.1
eu,sa,f,y25-74,2001.11,7160000,8.2
eu,sa,f,y25-74,2001.12,7190000,8.2
eu,sa,f,y25-74,2002.01,7258000,8.3
eu,sa,f,y25-74,2002.02,7280000,8.3
eu,sa,f,y25-74,2002.03,7316000,8.3
eu,sa,f,y25-74,2002.04,7403000,8.4
eu,sa,f,y25-74,2002.05,7398000,8.4
eu,sa,f,y25-74,2002.06,7448000,8.4
eu,sa,f,y25-74,2002.07,7522000,8.5
eu,sa,f,y25-74,2002.08,7545000,8.5
eu,sa,f,y25-74,2002.09,7583000,8.6
eu,sa,f,y25-74,2002.10,7561000,8.5
eu,sa,f,y25-74,2002.11,7583000,8.6
eu,sa,f,y25-74,2002.12,7567000,8.5
eu,sa,f,y25-74,2003.01,7599000,8.5
eu,sa,f,y25-74,2003.02,7601000,8.5
eu,sa,f,y25-74,2003.03,7618000,8.5
eu,sa,f,y25-74,2003.04,7545000,8.4
eu,sa,f,y25-74,2003.05,7569000,8.5
eu,sa,f,y25-74,2003.06,7598000,8.5
eu,sa,f,y25-74,2003.07,7648000,8.5
eu,sa,f,y25-74,2003.08,7682000,8.6
eu,sa,f,y25-74,2003.09,7710000,8.6
eu,sa,f,y25-74,2003.10,7719000,8.6
eu,sa,f,y25-74,2003.11,7721000,8.6
eu,sa,f,y25-74,2003.12,7731000,8.6
eu,sa,f,y25-74,2004.01,7787000,8.6
eu,sa,f,y25-74,2004.02,7779000,8.6
eu,sa,f,y25-74,2004.03,7806000,8.6
eu,sa,f,y25-74,2004.04,7732000,8.5
eu,sa,f,y25-74,2004.05,7737000,8.5
eu,sa,f,y25-74,2004.06,7687000,8.5
eu,sa,f,y25-74,2004.07,7729000,8.5
eu,sa,f,y25-74,2004.08,7728000,8.5
eu,sa,f,y25-74,2004.09,7751000,8.5
eu,sa,f,y25-74,2004.10,7749000,8.5
eu,sa,f,y25-74,2004.11,7773000,8.5
eu,sa,f,y25-74,2004.12,7820000,8.5
eu,sa,f,y25-74,2005.01,7735000,8.4
eu,sa,f,y25-74,2005.02,7803000,8.5
eu,sa,f,y25-74,2005.03,7777000,8.5
eu,sa,f,y25-74,2005.04,7814000,8.5
eu,sa,f,y25-74,2005.05,7784000,8.5
eu,sa,f,y25-74,2005.06,7813000,8.5
eu,sa,f,y25-74,2005.07,7725000,8.4
eu,sa,f,y25-74,2005.08,7715000,8.4
eu,sa,f,y25-74,2005.09,7771000,8.4
eu,sa,f,y25-74,2005.10,7823000,8.4
eu,sa,f,y25-74,2005.11,7777000,8.4
eu,sa,f,y25-74,2005.12,7699000,8.3
eu,sa,f,y25-74,2006.01,7641000,8.2
eu,sa,f,y25-74,2006.02,7563000,8.1
eu,sa,f,y25-74,2006.03,7504000,8.1
eu,sa,f,y25-74,2006.04,7418000,7.9
eu,sa,f,y25-74,2006.05,7387000,7.9
eu,sa,f,y25-74,2006.06,7318000,7.8
eu,sa,f,y25-74,2006.07,7222000,7.7
eu,sa,f,y25-74,2006.08,7175000,7.7
eu,sa,f,y25-74,2006.09,7085000,7.6
eu,sa,f,y25-74,2006.10,6981000,7.4
eu,sa,f,y25-74,2006.11,6926000,7.4
eu,sa,f,y25-74,2006.12,6851000,7.3
eu,sa,f,y25-74,2007.01,6773000,7.2
eu,sa,f,y25-74,2007.02,6689000,7.1
eu,sa,f,y25-74,2007.03,6609000,7
eu,sa,f,y25-74,2007.04,6549000,6.9
eu,sa,f,y25-74,2007.05,6504000,6.9
eu,sa,f,y25-74,2007.06,6411000,6.8
eu,sa,f,y25-74,2007.07,6412000,6.8
eu,sa,f,y25-74,2007.08,6331000,6.7
eu,sa,f,y25-74,2007.09,6307000,6.6
eu,sa,f,y25-74,2007.10,6302000,6.6
eu,sa,f,y25-74,2007.11,6257000,6.6
eu,sa,f,y25-74,2007.12,6248000,6.6
eu,sa,f,y25-74,2008.01,6156000,6.4
eu,sa,f,y25-74,2008.02,6109000,6.4
eu,sa,f,y25-74,2008.03,6037000,6.3
eu,sa,f,y25-74,2008.04,6061000,6.3
eu,sa,f,y25-74,2008.05,6098000,6.4
eu,sa,f,y25-74,2008.06,6163000,6.4
eu,sa,f,y25-74,2008.07,6203000,6.5
eu,sa,f,y25-74,2008.08,6295000,6.6
eu,sa,f,y25-74,2008.09,6302000,6.5
eu,sa,f,y25-74,2008.10,6367000,6.6
eu,sa,f,y25-74,2008.11,6459000,6.7
eu,sa,f,y25-74,2008.12,6599000,6.8
eu,sa,f,y25-74,2009.01,6801000,7
eu,sa,f,y25-74,2009.02,7002000,7.2
eu,sa,f,y25-74,2009.03,7153000,7.4
eu,sa,f,y25-74,2009.04,7283000,7.5
eu,sa,f,y25-74,2009.05,7376000,7.6
eu,sa,f,y25-74,2009.06,7467000,7.7
eu,sa,f,y25-74,2009.07,7537000,7.8
eu,sa,f,y25-74,2009.08,7600000,7.8
eu,sa,f,y25-74,2009.09,7685000,7.9
eu,sa,f,y25-74,2009.10,7767000,8
eu,sa,f,y25-74,2009.11,7842000,8.1
eu,sa,f,y25-74,2009.12,7907000,8.1
eu,sa,f,y25-74,2010.01,7977000,8.2
eu,sa,f,y25-74,2010.02,7991000,8.2
eu,sa,f,y25-74,2010.03,8042000,8.2
eu,sa,f,y25-74,2010.04,8073000,8.2
eu,sa,f,y25-74,2010.05,8116000,8.3
eu,sa,f,y25-74,2010.06,8131000,8.3
eu,sa,f,y25-74,2010.07,8214000,8.4
eu,sa,f,y25-74,2010.08,8209000,8.4
eu,sa,f,y25-74,2010.09,8226000,8.4
eu,sa,f,y25-74,2010.10,8219000,8.3
eu,sa,f,y25-74,2010.11,8188000,8.3
eu,sa,f,y25-74,2010.12,8142000,8.3
eu,sa,f,y_lt25,2000.01,2509000,18.7
eu,sa,f,y_lt25,2000.02,2514000,18.8
eu,sa,f,y_lt25,2000.03,2501000,18.7
eu,sa,f,y_lt25,2000.04,2484000,18.5
eu,sa,f,y_lt25,2000.05,2455000,18.2
eu,sa,f,y_lt25,2000.06,2448000,18.2
eu,sa,f,y_lt25,2000.07,2423000,18.1
eu,sa,f,y_lt25,2000.08,2421000,18.1
eu,sa,f,y_lt25,2000.09,2420000,18
eu,sa,f,y_lt25,2000.10,2387000,17.8
eu,sa,f,y_lt25,2000.11,2391000,17.8
eu,sa,f,y_lt25,2000.12,2384000,17.7
eu,sa,f,y_lt25,2001.01,2389000,17.8
eu,sa,f,y_lt25,2001.02,2413000,17.9
eu,sa,f,y_lt25,2001.03,2420000,18
eu,sa,f,y_lt25,2001.04,2395000,17.8
eu,sa,f,y_lt25,2001.05,2403000,17.9
eu,sa,f,y_lt25,2001.06,2391000,17.8
eu,sa,f,y_lt25,2001.07,2379000,17.8
eu,sa,f,y_lt25,2001.08,2389000,17.8
eu,sa,f,y_lt25,2001.09,2387000,17.8
eu,sa,f,y_lt25,2001.10,2383000,17.9
eu,sa,f,y_lt25,2001.11,2380000,17.9
eu,sa,f,y_lt25,2001.12,2376000,17.9
eu,sa,f,y_lt25,2002.01,2402000,18.1
eu,sa,f,y_lt25,2002.02,2404000,18.1
eu,sa,f,y_lt25,2002.03,2405000,18.1
eu,sa,f,y_lt25,2002.04,2397000,18.1
eu,sa,f,y_lt25,2002.05,2376000,18
eu,sa,f,y_lt25,2002.06,2392000,18.1
eu,sa,f,y_lt25,2002.07,2394000,18.2
eu,sa,f,y_lt25,2002.08,2394000,18.3
eu,sa,f,y_lt25,2002.09,2378000,18.2
eu,sa,f,y_lt25,2002.10,2350000,18.1
eu,sa,f,y_lt25,2002.11,2345000,18.1
eu,sa,f,y_lt25,2002.12,2333000,18
eu,sa,f,y_lt25,2003.01,2332000,18
eu,sa,f,y_lt25,2003.02,2336000,18.1
eu,sa,f,y_lt25,2003.03,2344000,18.2
eu,sa,f,y_lt25,2003.04,2367000,18.3
eu,sa,f,y_lt25,2003.05,2374000,18.4
eu,sa,f,y_lt25,2003.06,2389000,18.5
eu,sa,f,y_lt25,2003.07,2347000,18.3
eu,sa,f,y_lt25,2003.08,2331000,18.2
eu,sa,f,y_lt25,2003.09,2315000,18.1
eu,sa,f,y_lt25,2003.10,2270000,17.9
eu,sa,f,y_lt25,2003.11,2282000,18
eu,sa,f,y_lt25,2003.12,2302000,18.1
eu,sa,f,y_lt25,2004.01,2365000,18.3
eu,sa,f,y_lt25,2004.02,2387000,18.5
eu,sa,f,y_lt25,2004.03,2397000,18.5
eu,sa,f,y_lt25,2004.04,2418000,18.8
eu,sa,f,y_lt25,2004.05,2392000,18.6
eu,sa,f,y_lt25,2004.06,2396000,18.7
eu,sa,f,y_lt25,2004.07,2374000,18.5
eu,sa,f,y_lt25,2004.08,2376000,18.7
eu,sa,f,y_lt25,2004.09,2393000,18.9
eu,sa,f,y_lt25,2004.10,2402000,18.9
eu,sa,f,y_lt25,2004.11,2415000,19
eu,sa,f,y_lt25,2004.12,2393000,18.9
eu,sa,f,y_lt25,2005.01,2343000,18.5
eu,sa,f,y_lt25,2005.02,2360000,18.7
eu,sa,f,y_lt25,2005.03,2332000,18.5
eu,sa,f,y_lt25,2005.04,2358000,18.7
eu,sa,f,y_lt25,2005.05,2356000,18.6
eu,sa,f,y_lt25,2005.06,2336000,18.5
eu,sa,f,y_lt25,2005.07,2317000,18.5
eu,sa,f,y_lt25,2005.08,2292000,18.3
eu,sa,f,y_lt25,2005.09,2285000,18.2
eu,sa,f,y_lt25,2005.10,2291000,18.3
eu,sa,f,y_lt25,2005.11,2260000,18
eu,sa,f,y_lt25,2005.12,2279000,18.2
eu,sa,f,y_lt25,2006.01,2263000,18.1
eu,sa,f,y_lt25,2006.02,2265000,18.1
eu,sa,f,y_lt25,2006.03,2251000,17.9
eu,sa,f,y_lt25,2006.04,2228000,17.8
eu,sa,f,y_lt25,2006.05,2226000,17.8
eu,sa,f,y_lt25,2006.06,2169000,17.4
eu,sa,f,y_lt25,2006.07,2169000,17.4
eu,sa,f,y_lt25,2006.08,2179000,17.5
eu,sa,f,y_lt25,2006.09,2160000,17.4
eu,sa,f,y_lt25,2006.10,2117000,17
eu,sa,f,y_lt25,2006.11,2123000,17
eu,sa,f,y_lt25,2006.12,2086000,16.8
eu,sa,f,y_lt25,2007.01,2076000,16.7
eu,sa,f,y_lt25,2007.02,2028000,16.4
eu,sa,f,y_lt25,2007.03,1990000,16.2
eu,sa,f,y_lt25,2007.04,1959000,15.9
eu,sa,f,y_lt25,2007.05,1926000,15.6
eu,sa,f,y_lt25,2007.06,1951000,15.8
eu,sa,f,y_lt25,2007.07,1931000,15.6
eu,sa,f,y_lt25,2007.08,1945000,15.7
eu,sa,f,y_lt25,2007.09,1908000,15.4
eu,sa,f,y_lt25,2007.10,1878000,15.2
eu,sa,f,y_lt25,2007.11,1840000,14.8
eu,sa,f,y_lt25,2007.12,1852000,14.9
eu,sa,f,y_lt25,2008.01,1849000,15
eu,sa,f,y_lt25,2008.02,1836000,14.8
eu,sa,f,y_lt25,2008.03,1842000,14.9
eu,sa,f,y_lt25,2008.04,1854000,15
eu,sa,f,y_lt25,2008.05,1875000,15.2
eu,sa,f,y_lt25,2008.06,1905000,15.4
eu,sa,f,y_lt25,2008.07,1880000,15.2
eu,sa,f,y_lt25,2008.08,1865000,15.1
eu,sa,f,y_lt25,2008.09,1914000,15.5
eu,sa,f,y_lt25,2008.10,1936000,15.7
eu,sa,f,y_lt25,2008.11,2014000,16.4
eu,sa,f,y_lt25,2008.12,2016000,16.4
eu,sa,f,y_lt25,2009.01,2089000,17
eu,sa,f,y_lt25,2009.02,2146000,17.4
eu,sa,f,y_lt25,2009.03,2180000,17.7
eu,sa,f,y_lt25,2009.04,2181000,17.9
eu,sa,f,y_lt25,2009.05,2204000,18
eu,sa,f,y_lt25,2009.06,2199000,18.1
eu,sa,f,y_lt25,2009.07,2257000,18.7
eu,sa,f,y_lt25,2009.08,2307000,19.1
eu,sa,f,y_lt25,2009.09,2293000,19.1
eu,sa,f,y_lt25,2009.10,2276000,19
eu,sa,f,y_lt25,2009.11,2236000,18.8
eu,sa,f,y_lt25,2009.12,2244000,18.9
eu,sa,f,y_lt25,2010.01,2255000,19
eu,sa,f,y_lt25,2010.02,2278000,19.2
eu,sa,f,y_lt25,2010.03,2271000,19.1
eu,sa,f,y_lt25,2010.04,2316000,19.5
eu,sa,f,y_lt25,2010.05,2332000,19.7
eu,sa,f,y_lt25,2010.06,2317000,19.6
eu,sa,f,y_lt25,2010.07,2321000,19.7
eu,sa,f,y_lt25,2010.08,2306000,19.6
eu,sa,f,y_lt25,2010.09,2356000,19.9
eu,sa,f,y_lt25,2010.10,2380000,20.2
eu,sa,f,y_lt25,2010.11,2394000,20.3
eu,sa,f,y_lt25,2010.12,2397000,20.4
eu,sa,m,y25-74,2000.01,7380000,6.7
eu,sa,m,y25-74,2000.02,7335000,6.7
eu,sa,m,y25-74,2000.03,7314000,6.7
eu,sa,m,y25-74,2000.04,7243000,6.6
eu,sa,m,y25-74,2000.05,7204000,6.6
eu,sa,m,y25-74,2000.06,7154000,6.5
eu,sa,m,y25-74,2000.07,7112000,6.5
eu,sa,m,y25-74,2000.08,7077000,6.4
eu,sa,m,y25-74,2000.09,7054000,6.4
eu,sa,m,y25-74,2000.10,7013000,6.4
eu,sa,m,y25-74,2000.11,6996000,6.4
eu,sa,m,y25-74,2000.12,6980000,6.3
eu,sa,m,y25-74,2001.01,6984000,6.3
eu,sa,m,y25-74,2001.02,6978000,6.3
eu,sa,m,y25-74,2001.03,6985000,6.3
eu,sa,m,y25-74,2001.04,7021000,6.4
eu,sa,m,y25-74,2001.05,7084000,6.4
eu,sa,m,y25-74,2001.06,7109000,6.5
eu,sa,m,y25-74,2001.07,7136000,6.5
eu,sa,m,y25-74,2001.08,7149000,6.5
eu,sa,m,y25-74,2001.09,7198000,6.5
eu,sa,m,y25-74,2001.10,7260000,6.6
eu,sa,m,y25-74,2001.11,7307000,6.6
eu,sa,m,y25-74,2001.12,7351000,6.7
eu,sa,m,y25-74,2002.01,7452000,6.8
eu,sa,m,y25-74,2002.02,7509000,6.8
eu,sa,m,y25-74,2002.03,7509000,6.8
eu,sa,m,y25-74,2002.04,7547000,6.8
eu,sa,m,y25-74,2002.05,7615000,6.9
eu,sa,m,y25-74,2002.06,7665000,6.9
eu,sa,m,y25-74,2002.07,7716000,7
eu,sa,m,y25-74,2002.08,7772000,7
eu,sa,m,y25-74,2002.09,7826000,7.1
eu,sa,m,y25-74,2002.10,7864000,7.1
eu,sa,m,y25-74,2002.11,7890000,7.1
eu,sa,m,y25-74,2002.12,7907000,7.1
eu,sa,m,y25-74,2003.01,7867000,7.1
eu,sa,m,y25-74,2003.02,7871000,7.1
eu,sa,m,y25-74,2003.03,7883000,7.1
eu,sa,m,y25-74,2003.04,7846000,7.1
eu,sa,m,y25-74,2003.05,7847000,7.1
eu,sa,m,y25-74,2003.06,7867000,7.1
eu,sa,m,y25-74,2003.07,7873000,7.1
eu,sa,m,y25-74,2003.08,7889000,7.1
eu,sa,m,y25-74,2003.09,7885000,7.1
eu,sa,m,y25-74,2003.10,7913000,7.1
eu,sa,m,y25-74,2003.11,7956000,7.1
eu,sa,m,y25-74,2003.12,7997000,7.2
eu,sa,m,y25-74,2004.01,8014000,7.2
eu,sa,m,y25-74,2004.02,8007000,7.2
eu,sa,m,y25-74,2004.03,8020000,7.2
eu,sa,m,y25-74,2004.04,8036000,7.2
eu,sa,m,y25-74,2004.05,8053000,7.2
eu,sa,m,y25-74,2004.06,8047000,7.2
eu,sa,m,y25-74,2004.07,8052000,7.2
eu,sa,m,y25-74,2004.08,8025000,7.1
eu,sa,m,y25-74,2004.09,8052000,7.2
eu,sa,m,y25-74,2004.10,8041000,7.1
eu,sa,m,y25-74,2004.11,8048000,7.1
eu,sa,m,y25-74,2004.12,8061000,7.1
eu,sa,m,y25-74,2005.01,8006000,7.1
eu,sa,m,y25-74,2005.02,8007000,7.1
eu,sa,m,y25-74,2005.03,8103000,7.1
eu,sa,m,y25-74,2005.04,8032000,7.1
eu,sa,m,y25-74,2005.05,8036000,7.1
eu,sa,m,y25-74,2005.06,8004000,7
eu,sa,m,y25-74,2005.07,7909000,7
eu,sa,m,y25-74,2005.08,7882000,6.9
eu,sa,m,y25-74,2005.09,7842000,6.9
eu,sa,m,y25-74,2005.10,7842000,6.9
eu,sa,m,y25-74,2005.11,7808000,6.8
eu,sa,m,y25-74,2005.12,7733000,6.8
eu,sa,m,y25-74,2006.01,7707000,6.7
eu,sa,m,y25-74,2006.02,7642000,6.7
eu,sa,m,y25-74,2006.03,7599000,6.6
eu,sa,m,y25-74,2006.04,7552000,6.6
eu,sa,m,y25-74,2006.05,7409000,6.5
eu,sa,m,y25-74,2006.06,7326000,6.4
eu,sa,m,y25-74,2006.07,7270000,6.3
eu,sa,m,y25-74,2006.08,7217000,6.3
eu,sa,m,y25-74,2006.09,7146000,6.2
eu,sa,m,y25-74,2006.10,7075000,6.2
eu,sa,m,y25-74,2006.11,6963000,6.1
eu,sa,m,y25-74,2006.12,6847000,6
eu,sa,m,y25-74,2007.01,6677000,5.8
eu,sa,m,y25-74,2007.02,6582000,5.7
eu,sa,m,y25-74,2007.03,6481000,5.6
eu,sa,m,y25-74,2007.04,6370000,5.5
eu,sa,m,y25-74,2007.05,6392000,5.5
eu,sa,m,y25-74,2007.06,6328000,5.5
eu,sa,m,y25-74,2007.07,6391000,5.5
eu,sa,m,y25-74,2007.08,6355000,5.5
eu,sa,m,y25-74,2007.09,6311000,5.5
eu,sa,m,y25-74,2007.10,6219000,5.4
eu,sa,m,y25-74,2007.11,6159000,5.3
eu,sa,m,y25-74,2007.12,6202000,5.3
eu,sa,m,y25-74,2008.01,6065000,5.2
eu,sa,m,y25-74,2008.02,5957000,5.1
eu,sa,m,y25-74,2008.03,5942000,5.1
eu,sa,m,y25-74,2008.04,6103000,5.2
eu,sa,m,y25-74,2008.05,6181000,5.3
eu,sa,m,y25-74,2008.06,6293000,5.4
eu,sa,m,y25-74,2008.07,6342000,5.4
eu,sa,m,y25-74,2008.08,6432000,5.5
eu,sa,m,y25-74,2008.09,6538000,5.6
eu,sa,m,y25-74,2008.10,6754000,5.8
eu,sa,m,y25-74,2008.11,6967000,6
eu,sa,m,y25-74,2008.12,7217000,6.2
eu,sa,m,y25-74,2009.01,7566000,6.5
eu,sa,m,y25-74,2009.02,7911000,6.8
eu,sa,m,y25-74,2009.03,8361000,7.1
eu,sa,m,y25-74,2009.04,8532000,7.3
eu,sa,m,y25-74,2009.05,8754000,7.5
eu,sa,m,y25-74,2009.06,8894000,7.6
eu,sa,m,y25-74,2009.07,9074000,7.8
eu,sa,m,y25-74,2009.08,9157000,7.8
eu,sa,m,y25-74,2009.09,9347000,8
eu,sa,m,y25-74,2009.10,9383000,8
eu,sa,m,y25-74,2009.11,9469000,8.1
eu,sa,m,y25-74,2009.12,9504000,8.1
eu,sa,m,y25-74,2010.01,9614000,8.2
eu,sa,m,y25-74,2010.02,9692000,8.3
eu,sa,m,y25-74,2010.03,9690000,8.3
eu,sa,m,y25-74,2010.04,9688000,8.3
eu,sa,m,y25-74,2010.05,9680000,8.3
eu,sa,m,y25-74,2010.06,9671000,8.2
eu,sa,m,y25-74,2010.07,9662000,8.2
eu,sa,m,y25-74,2010.08,9668000,8.2
eu,sa,m,y25-74,2010.09,9642000,8.2
eu,sa,m,y25-74,2010.10,9671000,8.2
eu,sa,m,y25-74,2010.11,9608000,8.2
eu,sa,m,y25-74,2010.12,9622000,8.2
eu,sa,m,y_lt25,2000.01,2596000,16.9
eu,sa,m,y_lt25,2000.02,2588000,16.8
eu,sa,m,y_lt25,2000.03,2593000,16.8
eu,sa,m,y_lt25,2000.04,2601000,16.8
eu,sa,m,y_lt25,2000.05,2592000,16.8
eu,sa,m,y_lt25,2000.06,2583000,16.7
eu,sa,m,y_lt25,2000.07,2591000,16.7
eu,sa,m,y_lt25,2000.08,2583000,16.7
eu,sa,m,y_lt25,2000.09,2579000,16.6
eu,sa,m,y_lt25,2000.10,2563000,16.4
eu,sa,m,y_lt25,2000.11,2564000,16.4
eu,sa,m,y_lt25,2000.12,2569000,16.4
eu,sa,m,y_lt25,2001.01,2537000,16.3
eu,sa,m,y_lt25,2001.02,2574000,16.5
eu,sa,m,y_lt25,2001.03,2585000,16.5
eu,sa,m,y_lt25,2001.04,2588000,16.6
eu,sa,m,y_lt25,2001.05,2609000,16.8
eu,sa,m,y_lt25,2001.06,2619000,16.9
eu,sa,m,y_lt25,2001.07,2623000,16.9
eu,sa,m,y_lt25,2001.08,2635000,16.9
eu,sa,m,y_lt25,2001.09,2646000,17.1
eu,sa,m,y_lt25,2001.10,2692000,17.3
eu,sa,m,y_lt25,2001.11,2706000,17.4
eu,sa,m,y_lt25,2001.12,2723000,17.6
eu,sa,m,y_lt25,2002.01,2735000,17.7
eu,sa,m,y_lt25,2002.02,2755000,17.8
eu,sa,m,y_lt25,2002.03,2730000,17.6
eu,sa,m,y_lt25,2002.04,2728000,17.6
eu,sa,m,y_lt25,2002.05,2735000,17.7
eu,sa,m,y_lt25,2002.06,2744000,17.8
eu,sa,m,y_lt25,2002.07,2751000,17.9
eu,sa,m,y_lt25,2002.08,2756000,18
eu,sa,m,y_lt25,2002.09,2762000,18
eu,sa,m,y_lt25,2002.10,2768000,18.2
eu,sa,m,y_lt25,2002.11,2776000,18.2
eu,sa,m,y_lt25,2002.12,2770000,18.3
eu,sa,m,y_lt25,2003.01,2765000,18.3
eu,sa,m,y_lt25,2003.02,2751000,18.2
eu,sa,m,y_lt25,2003.03,2744000,18.2
eu,sa,m,y_lt25,2003.04,2780000,18.2
eu,sa,m,y_lt25,2003.05,2771000,18.2
eu,sa,m,y_lt25,2003.06,2788000,18.3
eu,sa,m,y_lt25,2003.07,2753000,18.2
eu,sa,m,y_lt25,2003.08,2736000,18.2
eu,sa,m,y_lt25,2003.09,2740000,18.2
eu,sa,m,y_lt25,2003.10,2711000,18.1
eu,sa,m,y_lt25,2003.11,2699000,18
eu,sa,m,y_lt25,2003.12,2703000,18
eu,sa,m,y_lt25,2004.01,2764000,18.2
eu,sa,m,y_lt25,2004.02,2773000,18.3
eu,sa,m,y_lt25,2004.03,2789000,18.4
eu,sa,m,y_lt25,2004.04,2784000,18.4
eu,sa,m,y_lt25,2004.05,2806000,18.6
eu,sa,m,y_lt25,2004.06,2810000,18.7
eu,sa,m,y_lt25,2004.07,2792000,18.5
eu,sa,m,y_lt25,2004.08,2795000,18.5
eu,sa,m,y_lt25,2004.09,2802000,18.6
eu,sa,m,y_lt25,2004.10,2775000,18.4
eu,sa,m,y_lt25,2004.11,2798000,18.5
eu,sa,m,y_lt25,2004.12,2810000,18.6
eu,sa,m,y_lt25,2005.01,2785000,18.5
eu,sa,m,y_lt25,2005.02,2793000,18.5
eu,sa,m,y_lt25,2005.03,2824000,18.7
eu,sa,m,y_lt25,2005.04,2804000,18.7
eu,sa,m,y_lt25,2005.05,2778000,18.6
eu,sa,m,y_lt25,2005.06,2778000,18.5
eu,sa,m,y_lt25,2005.07,2739000,18.4
eu,sa,m,y_lt25,2005.08,2732000,18.3
eu,sa,m,y_lt25,2005.09,2741000,18.3
eu,sa,m,y_lt25,2005.10,2714000,18.2
eu,sa,m,y_lt25,2005.11,2671000,18
eu,sa,m,y_lt25,2005.12,2657000,17.9
eu,sa,m,y_lt25,2006.01,2637000,17.8
eu,sa,m,y_lt25,2006.02,2631000,17.8
eu,sa,m,y_lt25,2006.03,2615000,17.7
eu,sa,m,y_lt25,2006.04,2610000,17.6
eu,sa,m,y_lt25,2006.05,2570000,17.3
eu,sa,m,y_lt25,2006.06,2523000,16.9
eu,sa,m,y_lt25,2006.07,2478000,16.6
eu,sa,m,y_lt25,2006.08,2470000,16.6
eu,sa,m,y_lt25,2006.09,2447000,16.4
eu,sa,m,y_lt25,2006.10,2427000,16.3
eu,sa,m,y_lt25,2006.11,2410000,16.2
eu,sa,m,y_lt25,2006.12,2369000,16
eu,sa,m,y_lt25,2007.01,2324000,15.7
eu,sa,m,y_lt25,2007.02,2273000,15.4
eu,sa,m,y_lt25,2007.03,2256000,15.3
eu,sa,m,y_lt25,2007.04,2222000,15.1
eu,sa,m,y_lt25,2007.05,2244000,15.2
eu,sa,m,y_lt25,2007.06,2237000,15.2
eu,sa,m,y_lt25,2007.07,2245000,15.2
eu,sa,m,y_lt25,2007.08,2253000,15.3
eu,sa,m,y_lt25,2007.09,2221000,15.1
eu,sa,m,y_lt25,2007.10,2211000,15
eu,sa,m,y_lt25,2007.11,2187000,14.8
eu,sa,m,y_lt25,2007.12,2189000,14.8
eu,sa,m,y_lt25,2008.01,2176000,14.7
eu,sa,m,y_lt25,2008.02,2158000,14.6
eu,sa,m,y_lt25,2008.03,2150000,14.6
eu,sa,m,y_lt25,2008.04,2177000,14.8
eu,sa,m,y_lt25,2008.05,2224000,15.1
eu,sa,m,y_lt25,2008.06,2280000,15.5
eu,sa,m,y_lt25,2008.07,2319000,15.7
eu,sa,m,y_lt25,2008.08,2346000,15.9
eu,sa,m,y_lt25,2008.09,2386000,16.2
eu,sa,m,y_lt25,2008.10,2442000,16.6
eu,sa,m,y_lt25,2008.11,2501000,17.1
eu,sa,m,y_lt25,2008.12,2571000,17.6
eu,sa,m,y_lt25,2009.01,2670000,18.4
eu,sa,m,y_lt25,2009.02,2771000,19.1
eu,sa,m,y_lt25,2009.03,2867000,19.8
eu,sa,m,y_lt25,2009.04,2939000,20.4
eu,sa,m,y_lt25,2009.05,2990000,20.7
eu,sa,m,y_lt25,2009.06,3011000,21
eu,sa,m,y_lt25,2009.07,3078000,21.5
eu,sa,m,y_lt25,2009.08,3085000,21.7
eu,sa,m,y_lt25,2009.09,3117000,21.9
eu,sa,m,y_lt25,2009.10,3099000,21.9
eu,sa,m,y_lt25,2009.11,3104000,21.9
eu,sa,m,y_lt25,2009.12,3090000,21.9
eu,sa,m,y_lt25,2010.01,3101000,22.1
eu,sa,m,y_lt25,2010.02,3095000,22.1
eu,sa,m,y_lt25,2010.03,3070000,21.9
eu,sa,m,y_lt25,2010.04,3055000,21.7
eu,sa,m,y_lt25,2010.05,3019000,21.5
eu,sa,m,y_lt25,2010.06,2979000,21.3
eu,sa,m,y_lt25,2010.07,2936000,21.1
eu,sa,m,y_lt25,2010.08,2928000,21.1
eu,sa,m,y_lt25,2010.09,2948000,21.2
eu,sa,m,y_lt25,2010.10,2992000,21.4
eu,sa,m,y_lt25,2010.11,3008000,21.5
eu,sa,m,y_lt25,2010.12,3018000,21.6
eu,trend,f,y25-74,2000.01,7480000,8.7
eu,trend,f,y25-74,2000.02,7474000,8.7
eu,trend,f,y25-74,2000.03,7453000,8.7
eu,trend,f,y25-74,2000.04,7436000,8.6
eu,trend,f,y25-74,2000.05,7411000,8.6
eu,trend,f,y25-74,2000.06,7394000,8.6
eu,trend,f,y25-74,2000.07,7347000,8.5
eu,trend,f,y25-74,2000.08,7325000,8.5
eu,trend,f,y25-74,2000.09,7294000,8.4
eu,trend,f,y25-74,2000.10,7234000,8.3
eu,trend,f,y25-74,2000.11,7195000,8.3
eu,trend,f,y25-74,2000.12,7159000,8.2
eu,trend,f,y25-74,2001.01,7131000,8.2
eu,trend,f,y25-74,2001.02,7121000,8.2
eu,trend,f,y25-74,2001.03,7128000,8.2
eu,trend,f,y25-74,2001.04,7107000,8.2
eu,trend,f,y25-74,2001.05,7115000,8.2
eu,trend,f,y25-74,2001.06,7112000,8.2
eu,trend,f,y25-74,2001.07,7090000,8.1
eu,trend,f,y25-74,2001.08,7084000,8.1
eu,trend,f,y25-74,2001.09,7091000,8.1
eu,trend,f,y25-74,2001.10,7130000,8.1
eu,trend,f,y25-74,2001.11,7169000,8.2
eu,trend,f,y25-74,2001.12,7205000,8.2
eu,trend,f,y25-74,2002.01,7245000,8.3
eu,trend,f,y25-74,2002.02,7272000,8.3
eu,trend,f,y25-74,2002.03,7304000,8.3
eu,trend,f,y25-74,2002.04,7401000,8.4
eu,trend,f,y25-74,2002.05,7451000,8.4
eu,trend,f,y25-74,2002.06,7490000,8.5
eu,trend,f,y25-74,2002.07,7529000,8.5
eu,trend,f,y25-74,2002.08,7559000,8.5
eu,trend,f,y25-74,2002.09,7581000,8.6
eu,trend,f,y25-74,2002.10,7571000,8.5
eu,trend,f,y25-74,2002.11,7576000,8.5
eu,trend,f,y25-74,2002.12,7567000,8.5
eu,trend,f,y25-74,2003.01,7603000,8.5
eu,trend,f,y25-74,2003.02,7617000,8.5
eu,trend,f,y25-74,2003.03,7628000,8.5
eu,trend,f,y25-74,2003.04,7624000,8.5
eu,trend,f,y25-74,2003.05,7629000,8.5
eu,trend,f,y25-74,2003.06,7642000,8.5
eu,trend,f,y25-74,2003.07,7665000,8.6
eu,trend,f,y25-74,2003.08,7688000,8.6
eu,trend,f,y25-74,2003.09,7712000,8.6
eu,trend,f,y25-74,2003.10,7738000,8.6
eu,trend,f,y25-74,2003.11,7747000,8.6
eu,trend,f,y25-74,2003.12,7754000,8.6
eu,trend,f,y25-74,2004.01,7759000,8.6
eu,trend,f,y25-74,2004.02,7752000,8.6
eu,trend,f,y25-74,2004.03,7778000,8.6
eu,trend,f,y25-74,2004.04,7756000,8.6
eu,trend,f,y25-74,2004.05,7753000,8.6
eu,trend,f,y25-74,2004.06,7703000,8.5
eu,trend,f,y25-74,2004.07,7731000,8.5
eu,trend,f,y25-74,2004.08,7730000,8.5
eu,trend,f,y25-74,2004.09,7733000,8.5
eu,trend,f,y25-74,2004.10,7748000,8.5
eu,trend,f,y25-74,2004.11,7764000,8.5
eu,trend,f,y25-74,2004.12,7802000,8.5
eu,trend,f,y25-74,2005.01,7785000,8.5
eu,trend,f,y25-74,2005.02,7803000,8.5
eu,trend,f,y25-74,2005.03,7784000,8.5
eu,trend,f,y25-74,2005.04,7796000,8.5
eu,trend,f,y25-74,2005.05,7768000,8.4
eu,trend,f,y25-74,2005.06,7790000,8.5
eu,trend,f,y25-74,2005.07,7739000,8.4
eu,trend,f,y25-74,2005.08,7729000,8.4
eu,trend,f,y25-74,2005.09,7804000,8.4
eu,trend,f,y25-74,2005.10,7808000,8.4
eu,trend,f,y25-74,2005.11,7772000,8.4
eu,trend,f,y25-74,2005.12,7700000,8.3
eu,trend,f,y25-74,2006.01,7629000,8.2
eu,trend,f,y25-74,2006.02,7556000,8.1
eu,trend,f,y25-74,2006.03,7499000,8
eu,trend,f,y25-74,2006.04,7426000,8
eu,trend,f,y25-74,2006.05,7392000,7.9
eu,trend,f,y25-74,2006.06,7323000,7.8
eu,trend,f,y25-74,2006.07,7213000,7.7
eu,trend,f,y25-74,2006.08,7163000,7.6
eu,trend,f,y25-74,2006.09,7082000,7.6
eu,trend,f,y25-74,2006.10,6991000,7.5
eu,trend,f,y25-74,2006.11,6935000,7.4
eu,trend,f,y25-74,2006.12,6859000,7.3
eu,trend,f,y25-74,2007.01,6777000,7.2
eu,trend,f,y25-74,2007.02,6702000,7.1
eu,trend,f,y25-74,2007.03,6616000,7
eu,trend,f,y25-74,2007.04,6541000,6.9
eu,trend,f,y25-74,2007.05,6493000,6.9
eu,trend,f,y25-74,2007.06,6402000,6.8
eu,trend,f,y25-74,2007.07,6410000,6.8
eu,trend,f,y25-74,2007.08,6332000,6.7
eu,trend,f,y25-74,2007.09,6309000,6.7
eu,trend,f,y25-74,2007.10,6291000,6.6
eu,trend,f,y25-74,2007.11,6250000,6.6
eu,trend,f,y25-74,2007.12,6229000,6.5
eu,trend,f,y25-74,2008.01,6162000,6.4
eu,trend,f,y25-74,2008.02,6118000,6.4
eu,trend,f,y25-74,2008.03,6077000,6.4
eu,trend,f,y25-74,2008.04,6119000,6.4
eu,trend,f,y25-74,2008.05,6134000,6.4
eu,trend,f,y25-74,2008.06,6186000,6.5
eu,trend,f,y25-74,2008.07,6226000,6.5
eu,trend,f,y25-74,2008.08,6310000,6.6
eu,trend,f,y25-74,2008.09,6308000,6.6
eu,trend,f,y25-74,2008.10,6365000,6.6
eu,trend,f,y25-74,2008.11,6464000,6.7
eu,trend,f,y25-74,2008.12,6606000,6.8
eu,trend,f,y25-74,2009.01,6817000,7.1
eu,trend,f,y25-74,2009.02,7002000,7.2
eu,trend,f,y25-74,2009.03,7143000,7.4
eu,trend,f,y25-74,2009.04,7296000,7.5
eu,trend,f,y25-74,2009.05,7374000,7.6
eu,trend,f,y25-74,2009.06,7469000,7.7
eu,trend,f,y25-74,2009.07,7547000,7.8
eu,trend,f,y25-74,2009.08,7598000,7.8
eu,trend,f,y25-74,2009.09,7672000,7.9
eu,trend,f,y25-74,2009.10,7763000,8
eu,trend,f,y25-74,2009.11,7832000,8
eu,trend,f,y25-74,2009.12,7899000,8.1
eu,trend,f,y25-74,2010.01,7976000,8.2
eu,trend,f,y25-74,2010.02,7995000,8.2
eu,trend,f,y25-74,2010.03,8048000,8.2
eu,trend,f,y25-74,2010.04,8063000,8.2
eu,trend,f,y25-74,2010.05,8118000,8.3
eu,trend,f,y25-74,2010.06,8138000,8.3
eu,trend,f,y25-74,2010.07,8207000,8.4
eu,trend,f,y25-74,2010.08,8206000,8.3
eu,trend,f,y25-74,2010.09,8227000,8.4
eu,trend,f,y25-74,2010.10,8214000,8.3
eu,trend,f,y25-74,2010.11,8186000,8.3
eu,trend,f,y25-74,2010.12,8148000,8.3
eu,trend,f,y_lt25,2000.01,2510000,18.7
eu,trend,f,y_lt25,2000.02,2514000,18.8
eu,trend,f,y_lt25,2000.03,2505000,18.7
eu,trend,f,y_lt25,2000.04,2481000,18.4
eu,trend,f,y_lt25,2000.05,2463000,18.3
eu,trend,f,y_lt25,2000.06,2445000,18.2
eu,trend,f,y_lt25,2000.07,2427000,18.1
eu,trend,f,y_lt25,2000.08,2423000,18.1
eu,trend,f,y_lt25,2000.09,2422000,18
eu,trend,f,y_lt25,2000.10,2388000,17.8
eu,trend,f,y_lt25,2000.11,2385000,17.8
eu,trend,f,y_lt25,2000.12,2381000,17.7
eu,trend,f,y_lt25,2001.01,2385000,17.8
eu,trend,f,y_lt25,2001.02,2413000,17.9
eu,trend,f,y_lt25,2001.03,2413000,17.9
eu,trend,f,y_lt25,2001.04,2401000,17.9
eu,trend,f,y_lt25,2001.05,2402000,17.9
eu,trend,f,y_lt25,2001.06,2400000,17.9
eu,trend,f,y_lt25,2001.07,2384000,17.8
eu,trend,f,y_lt25,2001.08,2387000,17.8
eu,trend,f,y_lt25,2001.09,2391000,17.9
eu,trend,f,y_lt25,2001.10,2376000,17.8
eu,trend,f,y_lt25,2001.11,2382000,17.9
eu,trend,f,y_lt25,2001.12,2375000,17.9
eu,trend,f,y_lt25,2002.01,2365000,17.9
eu,trend,f,y_lt25,2002.02,2362000,17.9
eu,trend,f,y_lt25,2002.03,2365000,17.9
eu,trend,f,y_lt25,2002.04,2368000,17.9
eu,trend,f,y_lt25,2002.05,2367000,17.9
eu,trend,f,y_lt25,2002.06,2383000,18.1
eu,trend,f,y_lt25,2002.07,2383000,18.2
eu,trend,f,y_lt25,2002.08,2380000,18.2
eu,trend,f,y_lt25,2002.09,2365000,18.1
eu,trend,f,y_lt25,2002.10,2344000,18.1
eu,trend,f,y_lt25,2002.11,2335000,18
eu,trend,f,y_lt25,2002.12,2327000,18
eu,trend,f,y_lt25,2003.01,2326000,18
eu,trend,f,y_lt25,2003.02,2335000,18.1
eu,trend,f,y_lt25,2003.03,2339000,18.2
eu,trend,f,y_lt25,2003.04,2334000,18.1
eu,trend,f,y_lt25,2003.05,2343000,18.2
eu,trend,f,y_lt25,2003.06,2357000,18.3
eu,trend,f,y_lt25,2003.07,2344000,18.3
eu,trend,f,y_lt25,2003.08,2327000,18.2
eu,trend,f,y_lt25,2003.09,2313000,18.1
eu,trend,f,y_lt25,2003.10,2312000,18.2
eu,trend,f,y_lt25,2003.11,2314000,18.2
eu,trend,f,y_lt25,2003.12,2330000,18.3
eu,trend,f,y_lt25,2004.01,2362000,18.5
eu,trend,f,y_lt25,2004.02,2380000,18.6
eu,trend,f,y_lt25,2004.03,2390000,18.7
eu,trend,f,y_lt25,2004.04,2411000,18.8
eu,trend,f,y_lt25,2004.05,2396000,18.8
eu,trend,f,y_lt25,2004.06,2395000,18.8
eu,trend,f,y_lt25,2004.07,2375000,18.6
eu,trend,f,y_lt25,2004.08,2374000,18.8
eu,trend,f,y_lt25,2004.09,2385000,18.9
eu,trend,f,y_lt25,2004.10,2397000,19
eu,trend,f,y_lt25,2004.11,2410000,19
eu,trend,f,y_lt25,2004.12,2382000,18.8
eu,trend,f,y_lt25,2005.01,2344000,18.6
eu,trend,f,y_lt25,2005.02,2358000,18.7
eu,trend,f,y_lt25,2005.03,2343000,18.6
eu,trend,f,y_lt25,2005.04,2340000,18.6
eu,trend,f,y_lt25,2005.05,2331000,18.5
eu,trend,f,y_lt25,2005.06,2316000,18.4
eu,trend,f,y_lt25,2005.07,2308000,18.4
eu,trend,f,y_lt25,2005.08,2292000,18.3
eu,trend,f,y_lt25,2005.09,2291000,18.3
eu,trend,f,y_lt25,2005.10,2294000,18.3
eu,trend,f,y_lt25,2005.11,2266000,18.1
eu,trend,f,y_lt25,2005.12,2268000,18.1
eu,trend,f,y_lt25,2006.01,2258000,18
eu,trend,f,y_lt25,2006.02,2268000,18.1
eu,trend,f,y_lt25,2006.03,2243000,17.9
eu,trend,f,y_lt25,2006.04,2222000,17.7
eu,trend,f,y_lt25,2006.05,2223000,17.8
eu,trend,f,y_lt25,2006.06,2179000,17.5
eu,trend,f,y_lt25,2006.07,2178000,17.5
eu,trend,f,y_lt25,2006.08,2178000,17.5
eu,trend,f,y_lt25,2006.09,2162000,17.4
eu,trend,f,y_lt25,2006.10,2123000,17.1
eu,trend,f,y_lt25,2006.11,2118000,17
eu,trend,f,y_lt25,2006.12,2087000,16.8
eu,trend,f,y_lt25,2007.01,2078000,16.8
eu,trend,f,y_lt25,2007.02,2028000,16.4
eu,trend,f,y_lt25,2007.03,1997000,16.2
eu,trend,f,y_lt25,2007.04,1955000,15.9
eu,trend,f,y_lt25,2007.05,1932000,15.7
eu,trend,f,y_lt25,2007.06,1948000,15.8
eu,trend,f,y_lt25,2007.07,1935000,15.6
eu,trend,f,y_lt25,2007.08,1942000,15.7
eu,trend,f,y_lt25,2007.09,1909000,15.4
eu,trend,f,y_lt25,2007.10,1896000,15.4
eu,trend,f,y_lt25,2007.11,1866000,15
eu,trend,f,y_lt25,2007.12,1866000,15
eu,trend,f,y_lt25,2008.01,1851000,15
eu,trend,f,y_lt25,2008.02,1840000,14.9
eu,trend,f,y_lt25,2008.03,1838000,14.9
eu,trend,f,y_lt25,2008.04,1865000,15.1
eu,trend,f,y_lt25,2008.05,1883000,15.3
eu,trend,f,y_lt25,2008.06,1887000,15.3
eu,trend,f,y_lt25,2008.07,1876000,15.2
eu,trend,f,y_lt25,2008.08,1873000,15.2
eu,trend,f,y_lt25,2008.09,1914000,15.5
eu,trend,f,y_lt25,2008.10,1944000,15.8
eu,trend,f,y_lt25,2008.11,2006000,16.3
eu,trend,f,y_lt25,2008.12,2026000,16.5
eu,trend,f,y_lt25,2009.01,2092000,17
eu,trend,f,y_lt25,2009.02,2140000,17.4
eu,trend,f,y_lt25,2009.03,2178000,17.7
eu,trend,f,y_lt25,2009.04,2188000,17.9
eu,trend,f,y_lt25,2009.05,2187000,17.9
eu,trend,f,y_lt25,2009.06,2202000,18.1
eu,trend,f,y_lt25,2009.07,2256000,18.6
eu,trend,f,y_lt25,2009.08,2300000,19
eu,trend,f,y_lt25,2009.09,2291000,19.1
eu,trend,f,y_lt25,2009.10,2273000,19
eu,trend,f,y_lt25,2009.11,2240000,18.8
eu,trend,f,y_lt25,2009.12,2252000,18.9
eu,trend,f,y_lt25,2010.01,2258000,19
eu,trend,f,y_lt25,2010.02,2281000,19.2
eu,trend,f,y_lt25,2010.03,2276000,19.2
eu,trend,f,y_lt25,2010.04,2307000,19.5
eu,trend,f,y_lt25,2010.05,2325000,19.6
eu,trend,f,y_lt25,2010.06,2320000,19.6
eu,trend,f,y_lt25,2010.07,2319000,19.6
eu,trend,f,y_lt25,2010.08,2308000,19.6
eu,trend,f,y_lt25,2010.09,2350000,19.9
eu,trend,f,y_lt25,2010.10,2381000,20.2
eu,trend,f,y_lt25,2010.11,2397000,20.3
eu,trend,f,y_lt25,2010.12,2392000,20.4
eu,trend,m,y25-74,2000.01,7365000,6.7
eu,trend,m,y25-74,2000.02,7327000,6.7
eu,trend,m,y25-74,2000.03,7310000,6.7
eu,trend,m,y25-74,2000.04,7238000,6.6
eu,trend,m,y25-74,2000.05,7196000,6.6
eu,trend,m,y25-74,2000.06,7152000,6.5
eu,trend,m,y25-74,2000.07,7111000,6.5
eu,trend,m,y25-74,2000.08,7078000,6.4
eu,trend,m,y25-74,2000.09,7055000,6.4
eu,trend,m,y25-74,2000.10,7011000,6.4
eu,trend,m,y25-74,2000.11,6992000,6.4
eu,trend,m,y25-74,2000.12,6980000,6.3
eu,trend,m,y25-74,2001.01,6988000,6.4
eu,trend,m,y25-74,2001.02,6994000,6.4
eu,trend,m,y25-74,2001.03,6999000,6.4
eu,trend,m,y25-74,2001.04,7020000,6.4
eu,trend,m,y25-74,2001.05,7059000,6.4
eu,trend,m,y25-74,2001.06,7099000,6.5
eu,trend,m,y25-74,2001.07,7132000,6.5
eu,trend,m,y25-74,2001.08,7163000,6.5
eu,trend,m,y25-74,2001.09,7205000,6.5
eu,trend,m,y25-74,2001.10,7280000,6.6
eu,trend,m,y25-74,2001.11,7335000,6.7
eu,trend,m,y25-74,2001.12,7382000,6.7
eu,trend,m,y25-74,2002.01,7413000,6.7
eu,trend,m,y25-74,2002.02,7432000,6.7
eu,trend,m,y25-74,2002.03,7472000,6.8
eu,trend,m,y25-74,2002.04,7554000,6.8
eu,trend,m,y25-74,2002.05,7628000,6.9
eu,trend,m,y25-74,2002.06,7674000,6.9
eu,trend,m,y25-74,2002.07,7719000,7
eu,trend,m,y25-74,2002.08,7777000,7
eu,trend,m,y25-74,2002.09,7822000,7.1
eu,trend,m,y25-74,2002.10,7853000,7.1
eu,trend,m,y25-74,2002.11,7879000,7.1
eu,trend,m,y25-74,2002.12,7887000,7.1
eu,trend,m,y25-74,2003.01,7868000,7.1
eu,trend,m,y25-74,2003.02,7882000,7.1
eu,trend,m,y25-74,2003.03,7893000,7.1
eu,trend,m,y25-74,2003.04,7874000,7.1
eu,trend,m,y25-74,2003.05,7869000,7.1
eu,trend,m,y25-74,2003.06,7884000,7.1
eu,trend,m,y25-74,2003.07,7892000,7.1
eu,trend,m,y25-74,2003.08,7895000,7.1
eu,trend,m,y25-74,2003.09,7903000,7.1
eu,trend,m,y25-74,2003.10,7929000,7.1
eu,trend,m,y25-74,2003.11,7957000,7.1
eu,trend,m,y25-74,2003.12,7984000,7.1
eu,trend,m,y25-74,2004.01,8002000,7.2
eu,trend,m,y25-74,2004.02,7992000,7.1
eu,trend,m,y25-74,2004.03,8004000,7.1
eu,trend,m,y25-74,2004.04,8033000,7.2
eu,trend,m,y25-74,2004.05,8045000,7.2
eu,trend,m,y25-74,2004.06,8045000,7.2
eu,trend,m,y25-74,2004.07,8040000,7.2
eu,trend,m,y25-74,2004.08,8006000,7.1
eu,trend,m,y25-74,2004.09,8035000,7.1
eu,trend,m,y25-74,2004.10,8039000,7.1
eu,trend,m,y25-74,2004.11,8043000,7.1
eu,trend,m,y25-74,2004.12,8063000,7.1
eu,trend,m,y25-74,2005.01,7979000,7.1
eu,trend,m,y25-74,2005.02,7996000,7.1
eu,trend,m,y25-74,2005.03,8080000,7.1
eu,trend,m,y25-74,2005.04,8026000,7.1
eu,trend,m,y25-74,2005.05,8019000,7.1
eu,trend,m,y25-74,2005.06,7995000,7
eu,trend,m,y25-74,2005.07,7911000,7
eu,trend,m,y25-74,2005.08,7889000,6.9
eu,trend,m,y25-74,2005.09,7844000,6.9
eu,trend,m,y25-74,2005.10,7833000,6.9
eu,trend,m,y25-74,2005.11,7814000,6.8
eu,trend,m,y25-74,2005.12,7720000,6.8
eu,trend,m,y25-74,2006.01,7703000,6.7
eu,trend,m,y25-74,2006.02,7650000,6.7
eu,trend,m,y25-74,2006.03,7604000,6.6
eu,trend,m,y25-74,2006.04,7532000,6.6
eu,trend,m,y25-74,2006.05,7409000,6.5
eu,trend,m,y25-74,2006.06,7322000,6.4
eu,trend,m,y25-74,2006.07,7260000,6.3
eu,trend,m,y25-74,2006.08,7220000,6.3
eu,trend,m,y25-74,2006.09,7142000,6.2
eu,trend,m,y25-74,2006.10,7080000,6.2
eu,trend,m,y25-74,2006.11,6969000,6.1
eu,trend,m,y25-74,2006.12,6851000,6
eu,trend,m,y25-74,2007.01,6686000,5.8
eu,trend,m,y25-74,2007.02,6598000,5.7
eu,trend,m,y25-74,2007.03,6488000,5.6
eu,trend,m,y25-74,2007.04,6367000,5.5
eu,trend,m,y25-74,2007.05,6388000,5.5
eu,trend,m,y25-74,2007.06,6326000,5.5
eu,trend,m,y25-74,2007.07,6405000,5.5
eu,trend,m,y25-74,2007.08,6359000,5.5
eu,trend,m,y25-74,2007.09,6322000,5.5
eu,trend,m,y25-74,2007.10,6218000,5.4
eu,trend,m,y25-74,2007.11,6164000,5.3
eu,trend,m,y25-74,2007.12,6213000,5.3
eu,trend,m,y25-74,2008.01,6084000,5.2
eu,trend,m,y25-74,2008.02,5976000,5.1
eu,trend,m,y25-74,2008.03,5963000,5.1
eu,trend,m,y25-74,2008.04,6122000,5.3
eu,trend,m,y25-74,2008.05,6195000,5.3
eu,trend,m,y25-74,2008.06,6309000,5.4
eu,trend,m,y25-74,2008.07,6359000,5.5
eu,trend,m,y25-74,2008.08,6449000,5.5
eu,trend,m,y25-74,2008.09,6560000,5.6
eu,trend,m,y25-74,2008.10,6768000,5.8
eu,trend,m,y25-74,2008.11,6972000,6
eu,trend,m,y25-74,2008.12,7227000,6.2
eu,trend,m,y25-74,2009.01,7581000,6.5
eu,trend,m,y25-74,2009.02,7920000,6.8
eu,trend,m,y25-74,2009.03,8361000,7.1
eu,trend,m,y25-74,2009.04,8528000,7.3
eu,trend,m,y25-74,2009.05,8746000,7.5
eu,trend,m,y25-74,2009.06,8887000,7.6
eu,trend,m,y25-74,2009.07,9052000,7.7
eu,trend,m,y25-74,2009.08,9142000,7.8
eu,trend,m,y25-74,2009.09,9321000,8
eu,trend,m,y25-74,2009.10,9364000,8
eu,trend,m,y25-74,2009.11,9445000,8.1
eu,trend,m,y25-74,2009.12,9488000,8.1
eu,trend,m,y25-74,2010.01,9600000,8.2
eu,trend,m,y25-74,2010.02,9683000,8.3
eu,trend,m,y25-74,2010.03,9690000,8.3
eu,trend,m,y25-74,2010.04,9699000,8.3
eu,trend,m,y25-74,2010.05,9685000,8.3
eu,trend,m,y25-74,2010.06,9681000,8.2
eu,trend,m,y25-74,2010.07,9656000,8.2
eu,trend,m,y25-74,2010.08,9660000,8.2
eu,trend,m,y25-74,2010.09,9624000,8.2
eu,trend,m,y25-74,2010.10,9655000,8.2
eu,trend,m,y25-74,2010.11,9592000,8.2
eu,trend,m,y25-74,2010.12,9607000,8.2
eu,trend,m,y_lt25,2000.01,2602000,16.9
eu,trend,m,y_lt25,2000.02,2591000,16.8
eu,trend,m,y_lt25,2000.03,2590000,16.8
eu,trend,m,y_lt25,2000.04,2583000,16.7
eu,trend,m,y_lt25,2000.05,2579000,16.7
eu,trend,m,y_lt25,2000.06,2575000,16.7
eu,trend,m,y_lt25,2000.07,2573000,16.6
eu,trend,m,y_lt25,2000.08,2573000,16.6
eu,trend,m,y_lt25,2000.09,2573000,16.6
eu,trend,m,y_lt25,2000.10,2563000,16.5
eu,trend,m,y_lt25,2000.11,2566000,16.5
eu,trend,m,y_lt25,2000.12,2574000,16.5
eu,trend,m,y_lt25,2001.01,2563000,16.5
eu,trend,m,y_lt25,2001.02,2578000,16.5
eu,trend,m,y_lt25,2001.03,2587000,16.6
eu,trend,m,y_lt25,2001.04,2585000,16.6
eu,trend,m,y_lt25,2001.05,2593000,16.7
eu,trend,m,y_lt25,2001.06,2607000,16.8
eu,trend,m,y_lt25,2001.07,2620000,16.9
eu,trend,m,y_lt25,2001.08,2635000,17
eu,trend,m,y_lt25,2001.09,2650000,17.1
eu,trend,m,y_lt25,2001.10,2686000,17.3
eu,trend,m,y_lt25,2001.11,2706000,17.5
eu,trend,m,y_lt25,2001.12,2714000,17.5
eu,trend,m,y_lt25,2002.01,2725000,17.6
eu,trend,m,y_lt25,2002.02,2722000,17.6
eu,trend,m,y_lt25,2002.03,2722000,17.6
eu,trend,m,y_lt25,2002.04,2728000,17.6
eu,trend,m,y_lt25,2002.05,2738000,17.7
eu,trend,m,y_lt25,2002.06,2758000,17.8
eu,trend,m,y_lt25,2002.07,2745000,17.9
eu,trend,m,y_lt25,2002.08,2750000,17.9
eu,trend,m,y_lt25,2002.09,2760000,18.1
eu,trend,m,y_lt25,2002.10,2758000,18.1
eu,trend,m,y_lt25,2002.11,2769000,18.2
eu,trend,m,y_lt25,2002.12,2765000,18.2
eu,trend,m,y_lt25,2003.01,2768000,18.2
eu,trend,m,y_lt25,2003.02,2761000,18.2
eu,trend,m,y_lt25,2003.03,2751000,18.1
eu,trend,m,y_lt25,2003.04,2777000,18.3
eu,trend,m,y_lt25,2003.05,2778000,18.3
eu,trend,m,y_lt25,2003.06,2781000,18.3
eu,trend,m,y_lt25,2003.07,2752000,18.3
eu,trend,m,y_lt25,2003.08,2737000,18.2
eu,trend,m,y_lt25,2003.09,2717000,18.1
eu,trend,m,y_lt25,2003.10,2703000,18
eu,trend,m,y_lt25,2003.11,2694000,18
eu,trend,m,y_lt25,2003.12,2705000,18
eu,trend,m,y_lt25,2004.01,2743000,18.2
eu,trend,m,y_lt25,2004.02,2745000,18.2
eu,trend,m,y_lt25,2004.03,2771000,18.4
eu,trend,m,y_lt25,2004.04,2768000,18.4
eu,trend,m,y_lt25,2004.05,2778000,18.4
eu,trend,m,y_lt25,2004.06,2786000,18.5
eu,trend,m,y_lt25,2004.07,2794000,18.5
eu,trend,m,y_lt25,2004.08,2798000,18.5
eu,trend,m,y_lt25,2004.09,2793000,18.5
eu,trend,m,y_lt25,2004.10,2766000,18.4
eu,trend,m,y_lt25,2004.11,2780000,18.5
eu,trend,m,y_lt25,2004.12,2789000,18.5
eu,trend,m,y_lt25,2005.01,2782000,18.5
eu,trend,m,y_lt25,2005.02,2791000,18.5
eu,trend,m,y_lt25,2005.03,2828000,18.7
eu,trend,m,y_lt25,2005.04,2798000,18.6
eu,trend,m,y_lt25,2005.05,2782000,18.6
eu,trend,m,y_lt25,2005.06,2774000,18.5
eu,trend,m,y_lt25,2005.07,2735000,18.3
eu,trend,m,y_lt25,2005.08,2732000,18.3
eu,trend,m,y_lt25,2005.09,2733000,18.3
eu,trend,m,y_lt25,2005.10,2707000,18.1
eu,trend,m,y_lt25,2005.11,2672000,18
eu,trend,m,y_lt25,2005.12,2655000,17.9
eu,trend,m,y_lt25,2006.01,2639000,17.8
eu,trend,m,y_lt25,2006.02,2642000,17.8
eu,trend,m,y_lt25,2006.03,2617000,17.7
eu,trend,m,y_lt25,2006.04,2601000,17.5
eu,trend,m,y_lt25,2006.05,2568000,17.3
eu,trend,m,y_lt25,2006.06,2519000,16.9
eu,trend,m,y_lt25,2006.07,2482000,16.6
eu,trend,m,y_lt25,2006.08,2460000,16.5
eu,trend,m,y_lt25,2006.09,2451000,16.4
eu,trend,m,y_lt25,2006.10,2431000,16.4
eu,trend,m,y_lt25,2006.11,2409000,16.2
eu,trend,m,y_lt25,2006.12,2366000,16
eu,trend,m,y_lt25,2007.01,2330000,15.7
eu,trend,m,y_lt25,2007.02,2278000,15.4
eu,trend,m,y_lt25,2007.03,2251000,15.2
eu,trend,m,y_lt25,2007.04,2234000,15.2
eu,trend,m,y_lt25,2007.05,2243000,15.2
eu,trend,m,y_lt25,2007.06,2243000,15.2
eu,trend,m,y_lt25,2007.07,2250000,15.2
eu,trend,m,y_lt25,2007.08,2254000,15.3
eu,trend,m,y_lt25,2007.09,2218000,15
eu,trend,m,y_lt25,2007.10,2200000,14.9
eu,trend,m,y_lt25,2007.11,2185000,14.8
eu,trend,m,y_lt25,2007.12,2191000,14.8
eu,trend,m,y_lt25,2008.01,2174000,14.7
eu,trend,m,y_lt25,2008.02,2163000,14.6
eu,trend,m,y_lt25,2008.03,2155000,14.6
eu,trend,m,y_lt25,2008.04,2176000,14.8
eu,trend,m,y_lt25,2008.05,2223000,15.1
eu,trend,m,y_lt25,2008.06,2272000,15.4
eu,trend,m,y_lt25,2008.07,2312000,15.7
eu,trend,m,y_lt25,2008.08,2348000,15.9
eu,trend,m,y_lt25,2008.09,2388000,16.2
eu,trend,m,y_lt25,2008.10,2454000,16.7
eu,trend,m,y_lt25,2008.11,2507000,17.1
eu,trend,m,y_lt25,2008.12,2581000,17.6
eu,trend,m,y_lt25,2009.01,2667000,18.4
eu,trend,m,y_lt25,2009.02,2757000,19
eu,trend,m,y_lt25,2009.03,2866000,19.8
eu,trend,m,y_lt25,2009.04,2943000,20.4
eu,trend,m,y_lt25,2009.05,2980000,20.7
eu,trend,m,y_lt25,2009.06,3014000,21
eu,trend,m,y_lt25,2009.07,3063000,21.4
eu,trend,m,y_lt25,2009.08,3072000,21.6
eu,trend,m,y_lt25,2009.09,3110000,21.9
eu,trend,m,y_lt25,2009.10,3105000,21.9
eu,trend,m,y_lt25,2009.11,3109000,22
eu,trend,m,y_lt25,2009.12,3093000,22
eu,trend,m,y_lt25,2010.01,3097000,22.1
eu,trend,m,y_lt25,2010.02,3095000,22.1
eu,trend,m,y_lt25,2010.03,3065000,21.9
eu,trend,m,y_lt25,2010.04,3048000,21.7
eu,trend,m,y_lt25,2010.05,3015000,21.5
eu,trend,m,y_lt25,2010.06,2971000,21.2
eu,trend,m,y_lt25,2010.07,2936000,21.1
eu,trend,m,y_lt25,2010.08,2937000,21.1
eu,trend,m,y_lt25,2010.09,2949000,21.2
eu,trend,m,y_lt25,2010.10,2989000,21.3
eu,trend,m,y_lt25,2010.11,3006000,21.5
eu,trend,m,y_lt25,2010.12,3015000,21.6
