rent,bedrooms,sqft,latitude,longitude,date
2150.0,3.0,,37.833301,-122.254525,2014-06-19
25498.0,2.0,910.0,37.534535999999996,-122.299779,2014-07-08
1400.0,2.0,800.0,37.015489,-121.587796,2014-07-08
1597.0,,386.0,37.310883000000004,-121.950268,2014-06-09
395.0,,,39.1194,-122.8315,2014-05-29
2680.0,1.0,848.0,37.406240000000004,-121.996071,2014-06-24
1675.0,2.0,800.0,37.897525,-122.50898500000001,2014-05-18
3110.0,1.0,645.0,37.783784999999995,-122.39893,2014-05-13
1720.0,1.0,716.0,38.416846,-122.703166,2014-07-02
1100.0,,465.0,37.9156,-122.2985,2014-05-19
2146.0,1.0,652.0,37.533654,-122.29946100000001,2014-05-15
1525.0,,550.0,37.293942,-121.965668,2014-05-22
3500.0,1.0,,37.793015000000004,-122.40901000000001,2014-06-09
5295.0,4.0,2800.0,37.817836,-122.232492,2014-06-07
1595.0,1.0,,37.402349,-122.066581,2014-05-13
2000.0,1.0,610.0,37.852645,-122.25995800000001,2014-05-14
2600.0,2.0,1007.0,37.707435,-121.88758,2014-05-21
1731.0,1.0,713.0,37.6586,-122.0472,2014-05-31
1830.0,1.0,701.0,37.634484,-122.11196299999999,2014-06-14
1550.0,1.0,632.0,37.253503,-121.90226799999999,2014-06-02
1850.0,2.0,,37.77102,-122.279527,2014-06-21
1400.0,,,37.8071,-122.2851,2014-06-22
5799.0,2.0,1525.0,37.78360900000001,-122.38984599999999,2014-05-17
3195.0,4.0,1064.0,37.928289,-122.013774,2014-06-02
1400.0,1.0,610.0,37.662729999999996,-121.78446399999999,2014-05-21
3600.0,1.0,946.0,37.783401,-122.399111,2014-07-07
2195.0,,,37.790045,-122.40969399999999,2014-05-11
3085.0,2.0,1130.0,37.3391,-121.9016,2014-06-24
2901.0,1.0,880.0,37.881347999999996,-122.46073999999999,2014-06-23
2795.0,1.0,743.0,37.491212,-122.230883,2014-06-30
3200.0,3.0,1104.0,37.775507,-121.96266200000001,2014-06-20
1650.0,1.0,,37.662488,-121.880651,2014-07-01
2010.0,2.0,976.0,37.7562,-121.9522,2014-05-18
950.0,,460.0,37.951929,-122.330973,2014-05-27
2189.0,1.0,650.0,37.909228999999996,-122.06638799999999,2014-06-19
2685.0,1.0,862.0,37.406574,-121.941612,2014-06-14
1395.0,,450.0,37.471591,-122.13795900000001,2014-05-19
6950.0,5.0,3500.0,37.240943,-121.994869,2014-05-16
1400.0,3.0,,36.923542,-121.36853300000001,2014-05-21
3670.0,1.0,,37.785826,-122.397158,2014-06-28
1850.0,1.0,500.0,37.346027,-121.89648799999999,2014-06-25
2370.0,2.0,904.0,37.920414,-122.036308,2014-06-02
2500.0,3.0,1385.0,37.531508,-121.986177,2014-07-02
1685.0,1.0,483.0,37.387381,-122.013295,2014-07-06
2289.0,1.0,764.0,37.633649,-122.48585800000001,2014-05-28
2650.0,2.0,1087.0,37.509164,-122.29662900000001,2014-06-23
1695.0,1.0,,37.868325,-122.26428,2014-06-13
1700.0,2.0,850.0,37.3518,-121.8508,2014-05-27
1990.0,,,37.802307,-122.417028,2014-05-27
3400.0,1.0,,37.778942,-122.397301,2014-06-02
1900.0,4.0,2000.0,37.713573,-121.435801,2014-05-22
1829.0,1.0,,37.67653,-121.87523,2014-06-25
3450.0,2.0,,37.948557,-122.506747,2014-05-27
2800.0,1.0,,37.827582,-122.228522,2014-05-28
1450.0,1.0,600.0,37.86237,-122.28009099999998,2014-06-10
1695.0,,400.0,37.79031,-122.407592,2014-05-14
1200.0,1.0,,37.7806,-122.2166,2014-05-17
1500.0,1.0,,37.686976,-122.097043,2014-06-27
2850.0,2.0,1000.0,37.379655,-122.05458600000001,2014-05-24
5200.0,3.0,2150.0,37.3814,-122.1258,2014-06-09
7500.0,3.0,1855.0,37.757098,-122.397945,2014-06-16
1500.0,2.0,,37.694009,-122.059822,2014-07-09
1899.0,1.0,625.0,37.760858,-121.948453,2014-06-18
850.0,1.0,95.0,37.716089000000004,-122.47071399999999,2014-06-01
2250.0,,418.0,37.790151,-122.40885300000001,2014-07-10
2695.0,2.0,,37.582285999999996,-122.33066699999999,2014-05-18
1479.0,1.0,728.0,38.4674,-122.748828,2014-05-11
3246.0,3.0,1267.0,37.534535999999996,-122.299779,2014-05-14
1295.0,,,37.249563,-121.880404,2014-07-05
1800.0,4.0,1664.0,37.969982,-121.77823300000001,2014-05-29
1770.0,1.0,775.0,37.757093,-121.908503,2014-05-25
2395.0,2.0,,37.469299,-122.214491,2014-06-13
,,,36.988607,-121.982557,2014-05-15
1695.0,1.0,600.0,37.356392,-121.95582900000001,2014-05-21
1650.0,4.0,,38.146914,-122.22845,2014-06-16
1900.0,,,37.7593,-122.4836,2014-07-06
1249.0,1.0,,38.341577,-122.708611,2014-05-19
4000.0,2.0,1200.0,37.788872,-122.44710900000001,2014-05-16
2050.0,1.0,683.0,37.84617100000001,-122.293025,2014-05-19
1750.0,1.0,550.0,37.395238,-122.09527,2014-05-21
2180.0,1.0,700.0,37.843953000000006,-122.29418600000001,2014-05-21
1950.0,2.0,975.0,38.066408,-122.54193400000001,2014-07-02
4400.0,3.0,1200.0,37.246181,-121.95961499999999,2014-06-18
3500.0,2.0,,37.37844000000001,-122.029771,2014-06-20
3800.0,,,37.782959999999996,-122.45436399999998,2014-06-17
2321.0,1.0,700.0,37.371006,-122.01556599999999,2014-06-19
2315.0,1.0,784.0,37.9182,-122.0717,2014-06-16
1350.0,,550.0,37.864926000000004,-122.26128,2014-05-24
1731.0,,504.0,37.532086,-122.286827,2014-06-16
2100.0,1.0,,37.761919,-122.47808,2014-05-16
3800.0,2.0,,37.789955,-122.410399,2014-05-29
800.0,1.0,675.0,38.271914,-122.045424,2014-07-10
2600.0,4.0,1600.0,37.532737,-122.023972,2014-07-05
2600.0,2.0,1100.0,37.560466,-122.05063799999999,2014-05-13
2368.0,2.0,1160.0,37.757144,-121.90854499999999,2014-05-30
3750.0,1.0,,37.769603000000004,-122.426309,2014-06-18
3050.0,,,37.7917,-122.4186,2014-06-16
1350.0,,386.0,37.3483,-121.9844,2014-06-11
3900.0,2.0,1350.0,37.887386,-122.28770300000001,2014-06-19
5250.0,2.0,1000.0,37.79522,-122.427499,2014-05-14
2499.0,2.0,1016.0,37.243916,-121.871879,2014-07-10
2299.0,2.0,1742.0,38.480789,-122.726941,2014-06-25
2300.0,3.0,2465.0,38.160662,-122.24034499999999,2014-06-14
2790.0,2.0,1000.0,37.560735,-122.269778,2014-06-25
1575.0,2.0,888.0,38.468459,-122.75968600000002,2014-06-19
1745.0,1.0,630.0,37.406079,-122.11378799999999,2014-05-31
1595.0,1.0,,37.80093400000001,-122.25051599999999,2014-05-28
3697.0,1.0,1101.0,37.764021,-122.39373,2014-05-28
1675.0,2.0,950.0,37.697201,-122.11496799999999,2014-06-20
5500.0,3.0,1200.0,37.448645,-122.140524,2014-06-29
3058.0,2.0,1043.0,37.403437,-122.009525,2014-06-29
3000.0,4.0,1365.0,37.253043,-121.851463,2014-05-18
2100.0,2.0,1005.0,37.714754,-121.913395,2014-06-25
1249.0,2.0,,38.011072999999996,-121.82824699999999,2014-05-20
2695.0,,,37.802986,-122.42814299999999,2014-05-20
3760.0,3.0,1381.0,37.560763,-122.325998,2014-06-07
1147.0,1.0,,37.119822,-121.638478,2014-05-21
1095.0,,1.0,37.797027,-122.248851,2014-06-09
3200.0,2.0,1415.0,37.8071,-122.2851,2014-05-30
1995.0,1.0,600.0,37.281655,-121.935767,2014-06-28
2500.0,3.0,1500.0,36.936721,-121.861897,2014-05-17
12000.0,2.0,,37.79868,-122.415572,2014-06-16
3055.0,3.0,1366.0,37.276838,-121.854175,2014-07-05
1717.0,1.0,685.0,37.5368,-122.032,2014-06-12
1995.0,2.0,850.0,37.272021,-121.96137900000001,2014-05-30
1795.0,2.0,,37.293742,-121.972968,2014-06-21
1995.0,,,37.790151,-122.40885300000001,2014-06-14
1895.0,2.0,,37.01586,-121.591429,2014-05-22
1100.0,1.0,,37.121608,-122.113853,2014-06-12
2422.0,1.0,804.0,37.39574,-121.956769,2014-05-22
2850.0,3.0,1300.0,37.074628000000004,-122.05518700000002,2014-05-27
1630.0,1.0,,38.181529,-122.253413,2014-06-29
1495.0,1.0,700.0,37.818582,-122.250731,2014-07-09
1700.0,2.0,,37.85439,-122.278497,2014-06-27
2917.0,2.0,1100.0,37.398784,-121.921334,2014-07-12
2347.0,2.0,910.0,37.5395,-122.2998,2014-05-19
1645.0,1.0,650.0,37.381383,-122.054786,2014-07-04
1495.0,1.0,569.0,37.9265,-122.3342,2014-05-15
1450.0,,,37.792007,-122.408327,2014-06-15
2546.0,2.0,1142.0,37.288940999999994,-121.877346,2014-05-29
2915.0,2.0,991.0,37.409028,-121.93794299999999,2014-06-08
2450.0,2.0,940.0,37.4601,-121.903543,2014-06-27
2568.0,2.0,1050.0,37.4087,-121.9406,2014-06-19
1650.0,4.0,,38.146914,-122.22845,2014-05-30
2345.0,2.0,1120.0,37.539286,-121.974354,2014-07-12
1695.0,2.0,903.0,37.2458,-121.8306,2014-05-13
2000.0,1.0,460.0,37.791659,-122.40823,2014-05-28
2925.0,1.0,758.0,37.4815,-122.2091,2014-05-17
1995.0,2.0,1000.0,37.260289,-121.946201,2014-06-14
4565.0,2.0,950.0,37.776668,-122.417994,2014-06-17
2300.0,2.0,1200.0,37.294154999999996,-121.81626599999998,2014-06-14
2150.0,2.0,1710.0,37.756528,-122.149476,2014-06-17
1275.0,1.0,540.0,37.943323,-122.062666,2014-05-22
1850.0,4.0,2135.0,38.028301,-121.913652,2014-06-23
1600.0,4.0,1840.0,39.046069,-122.92673300000001,2014-06-24
3895.0,2.0,1165.0,37.423854999999996,-122.19949,2014-06-16
1675.0,1.0,700.0,38.06503,-122.539846,2014-06-25
2248.0,2.0,864.0,37.92706,-122.31983600000001,2014-07-02
3650.0,2.0,1041.0,37.776742,-122.44666000000001,2014-07-08
6000.0,4.0,,37.880171999999995,-122.46193899999999,2014-06-08
1200.0,3.0,1100.0,37.7383,-121.4345,2014-05-28
2999.0,1.0,700.0,37.80047800000001,-122.408915,2014-06-23
2435.0,2.0,988.0,37.721884,-121.91340500000001,2014-06-08
1775.0,2.0,822.0,37.253503,-121.90226799999999,2014-07-13
1375.0,2.0,,37.330597999999995,-121.877808,2014-05-15
2760.0,1.0,869.0,37.366541,-122.00200600000001,2014-06-01
1249.0,2.0,,38.011072999999996,-121.82824699999999,2014-05-26
4250.0,3.0,1410.0,37.827606,-122.23295900000001,2014-05-17
1812.0,1.0,620.0,37.5368,-122.032,2014-06-19
6200.0,3.0,1750.0,37.786466,-122.46936799999999,2014-06-19
2161.0,4.0,,36.9294,-121.7727,2014-06-27
2095.0,,,37.405332,-122.07846299999999,2014-05-20
4000.0,2.0,1160.0,37.772449,-122.418425,2014-06-20
2778.0,2.0,1050.0,37.894979,-122.1029,2014-05-31
1699.0,1.0,750.0,37.898053999999995,-122.29856000000001,2014-07-06
2100.0,,,37.596737,-122.49678600000001,2014-05-21
1495.0,,436.0,37.765828000000006,-121.948753,2014-05-30
3300.0,2.0,850.0,37.871525,-122.27338,2014-06-16
2293.0,1.0,825.0,37.402584000000004,-121.92568500000002,2014-07-05
2398.0,2.0,1030.0,37.257589,-121.86246899999999,2014-06-09
1395.0,1.0,509.0,37.937937,-122.02443400000001,2014-07-05
4200.0,2.0,1629.0,37.445716,-122.158491,2014-05-30
2350.0,2.0,950.0,37.758922,-122.263314,2014-07-02
1495.0,1.0,700.0,37.773317,-122.257058,2014-05-19
3850.0,3.0,1425.0,37.338840999999995,-121.982231,2014-06-21
1750.0,2.0,794.0,38.249266,-122.61924599999999,2014-05-20
2800.0,5.0,5386.0,37.975868,-121.34931599999999,2014-07-02
1300.0,3.0,1100.0,38.147374,-122.237927,2014-06-28
2695.0,1.0,520.0,37.425304,-122.13179099999999,2014-07-06
3155.0,2.0,1077.0,37.3476,-121.887,2014-06-18
3525.0,2.0,1045.0,37.549960999999996,-122.30594199999999,2014-06-25
2295.0,1.0,600.0,37.580434999999994,-122.347981,2014-06-14
980.0,1.0,,37.753582,-122.48180900000001,2014-07-04
4600.0,2.0,789.0,37.762682,-122.42526799999999,2014-06-23
4190.0,2.0,1083.0,37.75954,-122.462864,2014-05-17
1895.0,3.0,1434.0,37.982622,-121.830547,2014-06-25
2045.0,1.0,630.0,37.321248,-121.98125,2014-06-14
2395.0,2.0,,37.395807,-122.099506,2014-06-27
2600.0,3.0,1400.0,37.272995,-121.825607,2014-06-07
1756.0,,,37.668316,-121.885465,2014-07-08
1700.0,1.0,400.0,37.289811,-121.947255,2014-06-23
900.0,2.0,,38.272319,-122.023923,2014-06-20
1995.0,4.0,1864.0,38.014592,-121.962597,2014-07-09
3160.0,2.0,1043.0,37.534896,-122.276223,2014-06-27
2980.0,1.0,,37.7911,-122.407801,2014-06-24
3875.0,3.0,1700.0,37.416185999999996,-122.09681499999999,2014-06-13
2100.0,1.0,,37.76487,-122.477267,2014-05-22
1495.0,1.0,650.0,37.683442,-121.876521,2014-06-24
3080.0,1.0,,37.796771,-122.3982,2014-06-20
8995.0,3.0,2500.0,37.77749,-122.433219,2014-05-16
2684.0,2.0,1264.0,37.316841,-121.91096599999999,2014-05-24
3750.0,,,37.865626,-122.503584,2014-07-10
3350.0,2.0,,37.58028,-122.34138999999999,2014-05-13
3158.0,2.0,1100.0,37.566419,-122.268198,2014-05-20
800.0,,,37.537987,-121.97323899999999,2014-07-02
6700.0,4.0,2000.0,37.362773,-122.09409,2014-05-31
2895.0,1.0,,37.76723,-122.446289,2014-05-13
2200.0,1.0,550.0,37.862403,-122.273197,2014-07-02
4500.0,2.0,1938.0,37.914308,-122.558219,2014-05-13
4400.0,2.0,1000.0,37.750663,-122.44209099999999,2014-07-04
7000.0,2.0,1310.0,37.774514,-122.391429,2014-06-17
1050.0,,,37.808009999999996,-122.275622,2014-05-19
2400.0,2.0,,37.567066,-122.31607,2014-06-28
2400.0,2.0,,37.899499,-122.05283700000001,2014-06-11
8900.0,3.0,2100.0,37.755363,-122.43561000000001,2014-06-19
2100.0,1.0,800.0,37.462540999999995,-122.163725,2014-06-11
1785.0,1.0,620.0,37.39024000000001,-121.99266999999999,2014-05-15
1920.0,1.0,657.0,37.702129,-121.93616899999999,2014-05-23
2695.0,2.0,1000.0,37.301497999999995,-122.030475,2014-05-29
1950.0,1.0,687.0,37.70939,-121.88771000000001,2014-06-20
2200.0,3.0,,37.708813,-122.459278,2014-07-09
1600.0,3.0,948.0,37.963646000000004,-122.32815,2014-05-17
4950.0,3.0,3261.0,37.8471,-122.2223,2014-05-26
2045.0,1.0,890.0,37.7636,-121.9155,2014-06-02
15000.0,5.0,6249.0,37.8471,-122.2223,2014-06-29
2765.0,1.0,747.0,37.48682700000001,-122.23232,2014-05-20
4725.0,2.0,1050.0,37.774955,-122.394347,2014-06-14
2010.0,2.0,978.0,37.954,-122.0737,2014-05-19
4800.0,3.0,1147.0,37.424439,-122.121774,2014-06-27
1750.0,2.0,,38.223811,-122.642301,2014-06-24
2545.0,1.0,,37.774039,-122.41338,2014-05-25
4295.0,2.0,1200.0,37.761052,-122.442306,2014-05-20
3680.0,4.0,1837.0,37.3518,-121.8508,2014-06-20
2135.0,2.0,1245.0,37.735715,-122.142198,2014-05-27
1445.0,,600.0,37.907925,-122.05488700000001,2014-07-08
2431.0,,,37.548831,-122.286201,2014-05-25
2000.0,,532.0,37.401468,-121.925197,2014-06-21
4595.0,3.0,1500.0,37.4443,-122.1497,2014-06-20
1548.0,1.0,618.0,37.67673900000001,-121.754673,2014-07-12
1658.0,,458.0,37.66738,-122.08715900000001,2014-06-16
2000.0,,,37.375836,-122.073276,2014-06-13
2045.0,1.0,630.0,37.321248,-121.98125,2014-06-08
1412.0,2.0,932.0,38.249261,-122.065198,2014-06-20
1965.0,2.0,900.0,37.23673,-121.795961,2014-06-19
4200.0,3.0,1780.0,37.595115,-122.416738,2014-06-10
1750.0,1.0,650.0,37.277417,-121.952354,2014-05-16
3100.0,2.0,1185.0,37.8365,-122.2804,2014-05-28
3299.0,3.0,1423.0,37.413477,-121.90425400000001,2014-05-18
18000.0,5.0,5800.0,37.961323,-122.55898799999999,2014-05-16
1889.0,1.0,873.0,37.659316,-122.094752,2014-06-23
1195.0,1.0,550.0,37.324127000000004,-121.88593700000001,2014-07-03
2300.0,3.0,,37.647878999999996,-122.13237,2014-06-11
4500.0,4.0,,37.373193,-121.882131,2014-05-31
1099.0,1.0,,38.011072999999996,-121.82824699999999,2014-05-26
5200.0,3.0,,37.37994000000001,-122.08417299999999,2014-07-09
1295.0,,,37.330253000000006,-121.87481399999999,2014-05-31
,,,37.8738,-122.2549,2014-05-21
800.0,2.0,800.0,39.063821999999995,-122.91380900000001,2014-06-30
8200.0,3.0,2267.0,37.434521999999994,-122.13724099999999,2014-07-06
3800.0,3.0,2200.0,37.7166,-121.9226,2014-05-26
2200.0,2.0,817.0,37.6787,-122.478,2014-06-09
2095.0,1.0,,37.470463,-122.21661200000001,2014-06-19
4595.0,2.0,1500.0,37.4443,-122.1497,2014-06-24
2500.0,2.0,,37.778991999999995,-122.485929,2014-06-30
3295.0,1.0,800.0,37.775684999999996,-122.454847,2014-06-11
2400.0,2.0,1200.0,37.491477,-121.92523999999999,2014-05-11
1950.0,2.0,975.0,37.374981,-121.848078,2014-06-30
3995.0,2.0,,37.802621,-122.414681,2014-07-08
2400.0,2.0,1150.0,36.971484999999994,-122.01863999999999,2014-05-21
2095.0,2.0,800.0,37.366844,-122.04098700000002,2014-05-21
2398.0,4.0,1200.0,37.815514,-122.276523,2014-07-08
1595.0,,,37.774802,-122.42331499999999,2014-05-20
1750.0,1.0,600.0,37.361613,-121.84022399999999,2014-07-01
2600.0,5.0,2993.0,38.242567,-122.0417,2014-06-24
1295.0,,450.0,37.853509,-122.269228,2014-05-27
2955.0,2.0,988.0,37.313365999999995,-121.97673799999998,2014-07-02
2600.0,3.0,,37.348997999999995,-121.887405,2014-05-22
1800.0,3.0,1336.0,38.361113,-122.690697,2014-05-11
2656.0,1.0,700.0,37.368941,-122.063572,2014-06-30
2500.0,,,37.356212,-121.95643500000001,2014-05-16
1400.0,1.0,,37.678242,-122.095689,2014-06-27
5800.0,3.0,1800.0,37.746547,-122.41506499999998,2014-06-27
1359.0,1.0,,37.311541999999996,-121.917767,2014-05-24
6800.0,2.0,1000.0,37.805689,-122.43554499999999,2014-06-01
1100.0,2.0,,38.265832,-122.008774,2014-06-30
1695.0,3.0,1230.0,38.016545,-121.932331,2014-05-20
3200.0,3.0,2058.0,37.525308,-121.931178,2014-05-30
1695.0,1.0,,37.4443,-122.1497,2014-05-22
785.0,,,37.016582,-121.576066,2014-06-24
1800.0,2.0,,37.721624,-122.47232199999999,2014-06-08
2045.0,1.0,734.0,37.554957,-121.97523400000001,2014-05-15
1250.0,3.0,1300.0,39.090517,-122.905759,2014-06-23
1925.0,1.0,783.0,37.704357,-121.91158700000001,2014-05-15
2950.0,3.0,1500.0,37.886658000000004,-122.130096,2014-06-22
1700.0,1.0,550.0,37.49066,-122.23251299999998,2014-06-20
1900.0,2.0,1000.0,37.319927,-121.98436299999999,2014-06-17
2580.0,3.0,1280.0,37.671184999999994,-122.48350400000001,2014-06-22
1350.0,2.0,700.0,37.793339,-122.226748,2014-06-07
2800.0,3.0,1410.0,37.559616,-121.97265,2014-06-19
2371.0,1.0,700.0,37.339441,-121.996197,2014-06-27
3495.0,1.0,658.0,37.784673,-122.436874,2014-05-28
1750.0,,570.0,37.577863,-122.3528,2014-05-21
2255.0,2.0,976.0,37.7562,-121.9522,2014-07-05
2050.0,2.0,950.0,37.357941,-121.95396799999999,2014-07-01
1595.0,,,37.783165999999994,-122.418671,2014-05-28
2355.0,2.0,1057.0,37.77832,-121.983673,2014-06-07
2700.0,3.0,1600.0,38.582240999999996,-122.60047,2014-06-30
2500.0,3.0,1200.0,37.6787,-122.1295,2014-06-08
950.0,2.0,800.0,38.249272,-122.05609399999999,2014-05-18
1725.0,1.0,635.0,37.317924,-121.966268,2014-07-12
2565.0,1.0,748.0,37.534794,-122.27598700000001,2014-06-25
1575.0,1.0,500.0,37.816023,-122.243371,2014-07-10
2411.0,2.0,1095.0,37.36484,-121.912167,2014-05-14
2500.0,1.0,856.0,37.410227,-121.942672,2014-06-25
2336.0,1.0,793.0,37.511744,-122.30458200000001,2014-06-24
850.0,2.0,1001.0,38.0024,-121.3238,2014-06-12
1700.0,2.0,819.0,37.34644,-121.86026499999998,2014-07-10
1795.0,2.0,,37.269443,-121.93976699999999,2014-06-25
6800.0,4.0,2200.0,37.869399,-122.52974499999999,2014-06-08
1395.0,3.0,,38.009840999999994,-121.79881100000001,2014-06-14
1450.0,,,37.774192,-122.48968,2014-06-16
3850.0,2.0,,37.75940900000001,-122.444822,2014-05-29
3750.0,3.0,1600.0,37.742763000000004,-122.48220900000001,2014-07-09
4500.0,2.0,,37.805786,-122.44221,2014-06-30
2395.0,1.0,600.0,37.444846999999996,-122.15359199999999,2014-06-17
2400.0,2.0,,37.578052,-122.33688400000001,2014-06-18
2095.0,1.0,,37.861126,-122.26278,2014-07-10
1895.0,1.0,,37.778958,-122.50097,2014-05-30
1549.0,1.0,745.0,37.7706,-122.2648,2014-06-17
3374.0,1.0,562.0,37.780265,-122.40338700000001,2014-05-20
1350.0,1.0,,37.960983,-122.514468,2014-06-13
7250.0,2.0,2690.0,37.330206,-121.887548,2014-07-06
1265.0,2.0,874.0,38.00885200000001,-121.872353,2014-05-21
2155.0,2.0,809.0,37.662864,-121.86765700000001,2014-05-24
900.0,2.0,900.0,38.127805,-121.626034,2014-05-28
2950.0,3.0,1400.0,37.38914000000001,-121.99807,2014-06-19
2045.0,1.0,630.0,37.320842,-121.975669,2014-06-30
2300.0,1.0,687.0,37.38574000000001,-122.016671,2014-05-14
1925.0,,567.0,37.5395,-122.2998,2014-07-02
2885.0,2.0,988.0,37.313656,-121.97663100000001,2014-06-17
2035.0,1.0,708.0,37.701329,-121.872367,2014-06-18
2200.0,2.0,1233.0,37.2458,-121.8306,2014-06-19
1400.0,3.0,,37.93326500000001,-122.36769699999999,2014-05-19
1880.0,,400.0,37.79225200000001,-122.407513,2014-06-14
1350.0,2.0,,38.008721,-121.815867,2014-05-16
2133.0,1.0,,37.554496,-122.256475,2014-06-19
3310.0,2.0,786.0,37.87484600000001,-122.26908799999998,2014-06-14
2490.0,3.0,1200.0,37.654963,-122.43189699999999,2014-05-14
3400.0,1.0,,37.418,-122.1274,2014-06-27
2453.0,2.0,900.0,37.3483,-121.9844,2014-05-19
2428.0,2.0,1176.0,37.975327,-122.035275,2014-06-15
1600.0,,,37.753353000000004,-122.46449299999999,2014-06-18
1495.0,1.0,800.0,37.33736,-121.884229,2014-05-30
2503.0,2.0,1000.0,37.337745,-121.94053000000001,2014-05-16
3600.0,3.0,,37.597351,-122.385828,2014-06-20
2500.0,2.0,,36.951133,-121.869666,2014-06-20
3448.0,2.0,1490.0,37.329741,-121.88696599999999,2014-06-23
1675.0,2.0,950.0,37.696929,-122.11548300000001,2014-06-11
2382.0,1.0,920.0,37.316841,-121.91096599999999,2014-05-30
6200.0,3.0,1800.0,37.765626,-122.43419399999999,2014-06-24
2314.0,3.0,1156.0,38.416846,-122.70305900000001,2014-05-21
2045.0,1.0,,37.782485,-122.416513,2014-05-22
1850.0,1.0,750.0,37.811954,-122.254958,2014-07-03
1695.0,3.0,,38.03622100000001,-122.27078,2014-06-25
3500.0,1.0,,37.7864,-122.3892,2014-06-01
1700.0,2.0,1000.0,37.302448999999996,-121.92521200000002,2014-07-02
2452.0,2.0,1035.0,37.23387,-121.765542,2014-06-23
2650.0,1.0,799.0,37.7856,-122.4358,2014-05-15
7250.0,5.0,,37.784372,-122.44140300000001,2014-06-20
4300.0,2.0,,37.805986,-122.41913100000001,2014-06-23
2873.0,1.0,625.0,37.784978,-122.43561000000001,2014-06-02
1999.0,2.0,1200.0,38.480821999999996,-122.72651200000001,2014-06-18
2100.0,4.0,1927.0,38.124899,-122.214845,2014-06-09
1050.0,1.0,550.0,38.102071,-122.253097,2014-05-16
4800.0,3.0,1760.0,37.480715999999994,-122.27864699999999,2014-07-09
1833.0,,402.0,37.335440999999996,-121.887166,2014-05-16
2419.0,2.0,980.0,37.280021999999995,-121.95618600000002,2014-05-16
500.0,,,37.6586,-122.0472,2014-07-02
3800.0,2.0,,37.75940900000001,-122.444822,2014-06-13
750.0,1.0,,38.248129,-122.046251,2014-05-16
3000.0,4.0,1800.0,37.234103999999995,-121.810098,2014-06-19
2985.0,2.0,988.0,37.313229,-121.97675900000002,2014-07-07
2358.0,2.0,1030.0,37.257292,-121.863099,2014-06-19
1200.0,1.0,736.0,37.952222,-122.037773,2014-07-09
2950.0,3.0,,37.751715000000004,-122.47524299999999,2014-06-09
2385.0,1.0,,37.764965000000004,-122.422156,2014-05-19
5000.0,3.0,,37.759406,-122.48220800000001,2014-07-10
1095.0,1.0,570.0,37.933223,-121.70646399999998,2014-06-20
3350.0,,1250.0,37.871526,-122.29328000000001,2014-06-16
1350.0,1.0,590.0,37.88587800000001,-122.052173,2014-05-14
2950.0,2.0,1000.0,37.77792700000001,-122.462988,2014-06-27
2675.0,1.0,747.0,37.486812,-122.23240600000001,2014-06-11
1150.0,1.0,612.0,38.0013,-121.83286100000001,2014-06-21
7500.0,3.0,1854.0,37.805508,-122.40936,2014-05-16
2650.0,1.0,550.0,37.742084999999996,-122.41891399999999,2014-05-27
1600.0,4.0,1764.0,38.25018,-121.999816,2014-07-12
2950.0,3.0,1130.0,37.9479,-122.5363,2014-06-16
5200.0,3.0,,37.56786500000001,-122.333922,2014-05-21
1680.0,2.0,650.0,37.72858400000001,-122.401395,2014-06-12
1200.0,3.0,,38.116189,-122.25834499999999,2014-05-31
925.0,,,36.985649,-122.008673,2014-05-17
3720.0,1.0,875.0,37.3893,-122.0783,2014-06-28
1205.0,1.0,671.0,37.772172999999995,-121.921935,2014-06-02
3735.0,2.0,,37.790227,-122.408251,2014-06-15
850.0,2.0,1051.0,38.0024,-121.3238,2014-06-12
1916.0,,10.0,37.38964,-122.030771,2014-06-14
1950.0,1.0,600.0,37.34202,-122.034675,2014-05-31
2088.0,1.0,731.0,37.365934,-121.913026,2014-06-02
6400.0,3.0,1800.0,37.442838,-122.158675,2014-06-11
1165.0,,450.0,37.798204,-122.254958,2014-07-10
2925.0,2.0,,37.6247,-122.429,2014-06-25
1775.0,1.0,726.0,37.901224,-122.06644399999999,2014-05-13
3600.0,3.0,1650.0,37.848849,-122.15363500000001,2014-06-12
2995.0,2.0,1300.0,37.316233000000004,-122.072074,2014-07-06
3000.0,2.0,1120.0,37.32369,-122.01338799999999,2014-06-07
1295.0,1.0,,37.331539,-121.882775,2014-06-16
1597.0,,386.0,37.309134,-121.95049499999999,2014-06-11
1970.0,1.0,773.0,37.915323,-122.048973,2014-06-19
1808.0,1.0,761.0,37.2685,-121.849,2014-05-22
3500.0,2.0,1200.0,37.203738,-122.013645,2014-05-16
1895.0,2.0,,37.689811,-121.774055,2014-05-22
,,,37.7526,-121.77,2014-05-24
1675.0,1.0,527.0,37.550342,-121.99066,2014-06-27
2500.0,2.0,,37.996788,-122.527514,2014-07-10
3395.0,2.0,990.0,37.326378999999996,-122.05015900000001,2014-06-24
1999.0,2.0,1242.0,38.480806,-122.72679099999999,2014-06-28
2775.0,2.0,980.0,37.64873400000001,-122.48588500000001,2014-06-07
3000.0,3.0,,37.530636,-121.922169,2014-06-12
1295.0,2.0,791.0,38.001241,-121.830642,2014-06-21
800.0,1.0,,37.2974,-121.7562,2014-07-06
,4.0,,39.3385,-120.1729,2014-05-28
3201.0,2.0,1212.0,37.31800000000001,-122.0449,2014-06-30
325.0,,,37.7999,-122.4342,2014-05-13
2095.0,2.0,870.0,37.277417,-121.952354,2014-05-30
3200.0,2.0,1150.0,37.302221,-121.92039,2014-07-12
3000.0,3.0,1000.0,37.654167,-122.48542900000001,2014-06-09
2900.0,2.0,1200.0,37.370164,-122.05743999999999,2014-05-20
1400.0,2.0,1138.0,38.347,-122.6941,2014-05-15
2499.0,1.0,908.0,37.3924,-121.9623,2014-05-17
2500.0,3.0,1100.0,37.704632000000004,-122.455083,2014-06-18
3250.0,2.0,800.0,37.426701,-122.19176499999999,2014-06-11
1243.0,1.0,642.0,37.98216,-121.825933,2014-05-22
2500.0,2.0,,38.3531,-122.261524,2014-07-02
4000.0,2.0,1000.0,37.2065,-122.3649,2014-05-19
2424.0,2.0,,37.576801,-122.04286,2014-06-28
2275.0,2.0,1056.0,37.324897,-121.970402,2014-06-19
3359.0,1.0,,37.7917,-122.4186,2014-05-19
1899.0,1.0,659.0,37.243916,-121.871879,2014-07-01
2995.0,2.0,850.0,37.389254,-122.079902,2014-05-11
2633.0,1.0,922.0,37.403301,-122.009525,2014-05-22
3100.0,2.0,1000.0,37.73158400000001,-122.439743,2014-07-09
1349.0,1.0,610.0,38.341993,-122.704968,2014-05-30
6200.0,4.0,2200.0,37.765710999999996,-122.46904099999999,2014-07-09
3644.0,1.0,900.0,37.393133,-122.074941,2014-05-16
2990.0,1.0,588.0,37.403453999999996,-122.11275800000001,2014-05-20
2475.0,1.0,823.0,37.684805,-122.46423500000002,2014-06-13
8500.0,3.0,,37.78519,-122.459143,2014-06-02
1350.0,2.0,1000.0,38.446711,-122.722498,2014-05-28
965.0,,,37.706798,-122.125151,2014-07-02
2435.0,1.0,680.0,37.544253999999995,-122.28518500000001,2014-07-10
1990.0,,520.0,37.58647,-122.359378,2014-06-23
1750.0,1.0,640.0,37.5308,-121.9712,2014-06-18
2595.0,1.0,,37.785538,-122.414153,2014-06-13
1275.0,3.0,1080.0,37.9939,-121.8089,2014-05-20
4695.0,2.0,,37.761324,-122.38864,2014-07-06
5600.0,3.0,2403.0,37.786229,-122.17043600000001,2014-05-19
1025.0,2.0,,37.78452,-122.229887,2014-05-16
2545.0,2.0,,37.325452,-121.97193100000001,2014-05-22
2348.0,1.0,776.0,37.720865,-122.475223,2014-06-25
2595.0,1.0,940.0,37.4601,-121.903543,2014-05-17
2933.0,,,37.9691,-122.5105,2014-05-27
2213.0,2.0,,37.354549,-122.00533600000001,2014-05-22
3409.0,1.0,990.0,37.424452,-122.19788100000001,2014-05-28
2750.0,4.0,,38.013321999999995,-122.51308700000001,2014-06-24
2400.0,2.0,750.0,37.654928999999996,-122.41373999999999,2014-06-12
1195.0,2.0,,37.957035999999995,-121.978098,2014-07-08
2055.0,2.0,870.0,37.542636,-121.97737099999999,2014-06-20
3100.0,2.0,1000.0,37.73158400000001,-122.439743,2014-05-11
1599.0,1.0,617.0,37.976279999999996,-122.074873,2014-05-21
4200.0,2.0,,37.778329,-122.396321,2014-05-21
2900.0,3.0,1679.0,37.708024,-121.861553,2014-05-19
2697.0,2.0,950.0,37.339441,-121.996197,2014-07-02
1665.0,2.0,1000.0,37.877748,-122.034683,2014-05-30
2595.0,2.0,1000.0,37.57829,-122.35531599999999,2014-07-01
3577.0,2.0,1341.0,37.316841,-121.91096599999999,2014-06-23
2950.0,2.0,1100.0,37.892306,-122.12245700000001,2014-05-19
1745.0,2.0,,37.01586,-121.591429,2014-05-18
1775.0,3.0,,38.435323,-122.705408,2014-07-12
3350.0,2.0,,37.771054,-122.453902,2014-06-28
4800.0,4.0,,37.712138,-122.39474399999999,2014-06-23
2446.0,2.0,870.0,37.359140999999994,-121.99717,2014-06-23
3300.0,3.0,1664.0,37.343051,-121.99977,2014-06-13
1050.0,1.0,350.0,36.974095,-121.90117,2014-07-10
2650.0,2.0,850.0,37.376603,-122.03647600000001,2014-07-03
2000.0,,350.0,37.473649,-122.177517,2014-06-01
2310.0,3.0,1976.0,38.269368,-122.055399,2014-06-13
9995.0,4.0,2250.0,37.454238000000004,-122.147341,2014-06-12
2025.0,2.0,845.0,37.355540999999995,-121.96866899999999,2014-06-14
1500.0,2.0,850.0,38.003591,-122.31110600000001,2014-06-16
1795.0,2.0,900.0,37.294342,-121.92008600000001,2014-06-23
2295.0,2.0,1100.0,37.702882,-121.89938000000001,2014-05-27
625.0,,,38.107056,-122.25608100000001,2014-07-10
5000.0,3.0,,37.7354,-122.4571,2014-05-21
1920.0,1.0,650.0,37.277417,-121.952354,2014-06-28
2749.0,3.0,1600.0,37.602335,-122.391683,2014-05-11
5000.0,1.0,1050.0,37.455238,-122.22097600000001,2014-06-02
1632.0,1.0,616.0,38.250499,-122.619781,2014-05-24
1400.0,1.0,,37.864026,-122.25418,2014-06-28
4875.0,2.0,,37.789829,-122.403842,2014-05-29
1700.0,2.0,,37.849526000000004,-122.27428,2014-06-13
2500.0,2.0,,37.774056,-122.43118999999999,2014-05-26
1850.0,1.0,,37.370208,-122.060294,2014-07-05
2275.0,2.0,935.0,37.408072,-121.8899,2014-05-21
1095.0,2.0,740.0,38.549232,-121.726514,2014-06-02
1350.0,2.0,1094.0,38.264927,-121.99268300000001,2014-06-30
2279.0,2.0,900.0,37.915458,-122.05941200000001,2014-06-02
2335.0,1.0,861.0,37.317138,-121.908782,2014-05-16
1550.0,1.0,750.0,36.984592,-121.95837,2014-06-14
7350.0,4.0,,37.797051,-122.415226,2014-05-21
5500.0,4.0,2900.0,37.478237,-122.257777,2014-07-09
1450.0,3.0,1197.0,38.009143,-121.82813300000001,2014-06-16
1650.0,,,37.870394,-122.267665,2014-06-11
8500.0,2.0,,37.798594,-122.415204,2014-05-13
2815.0,1.0,743.0,37.490961999999996,-122.230574,2014-06-24
1399.0,,450.0,37.869426000000004,-122.28958,2014-07-02
2800.0,1.0,500.0,33.6401,-116.5567,2014-06-16
2891.0,2.0,1002.0,37.312785999999996,-121.97658799999999,2014-06-28
1925.0,2.0,,37.341485,-121.98626499999999,2014-06-30
1450.0,,,37.787372999999995,-122.415632,2014-05-14
3200.0,3.0,,37.538303000000006,-122.28673500000001,2014-07-13
1600.0,,,38.4403,-121.8088,2014-07-01
2014.0,1.0,,37.345779,-121.994606,2014-06-09
3900.0,3.0,2300.0,37.970912,-122.50966100000001,2014-05-19
4200.0,2.0,1321.0,37.775951,-122.413982,2014-07-01
5500.0,2.0,,37.796287,-122.418462,2014-05-28
1900.0,1.0,659.0,37.243916,-121.871879,2014-07-02
2095.0,1.0,,37.858117,-122.252769,2014-06-02
1750.0,1.0,,37.361540999999995,-122.032471,2014-05-27
2895.0,3.0,1200.0,37.6196,-122.4816,2014-07-04
6000.0,3.0,1901.0,37.756234,-122.443276,2014-06-29
1755.0,1.0,645.0,37.454438,-122.136774,2014-06-14
2347.0,1.0,743.0,37.401787,-121.95731799999999,2014-06-11
2600.0,1.0,694.0,37.402364,-122.014063,2014-06-12
800.0,,,37.945145000000004,-122.34478,2014-05-16
1950.0,2.0,1464.0,38.076819,-122.23751899999999,2014-07-06
1495.0,,,37.782685,-122.41057099999999,2014-05-29
1300.0,1.0,600.0,37.8471,-122.2223,2014-07-10
1669.0,1.0,620.0,37.5368,-122.032,2014-06-07
2200.0,2.0,,36.97705,-122.030974,2014-06-01
4170.0,3.0,1700.0,37.771947999999995,-122.44675900000001,2014-07-04
1950.0,,405.0,37.313229,-121.976652,2014-07-06
2750.0,2.0,934.0,37.33217,-122.03752800000001,2014-05-17
2090.0,2.0,870.0,37.318882,-121.966268,2014-05-30
2100.0,2.0,924.0,37.45164000000001,-121.910451,2014-05-19
1650.0,1.0,700.0,37.269425,-121.958284,2014-07-08
4000.0,3.0,2800.0,37.885825,-122.156276,2014-05-20
2301.0,1.0,804.0,37.713905,-122.472603,2014-05-28
2200.0,1.0,565.0,37.844026,-122.29558,2014-06-17
750.0,,,38.136438,-122.252697,2014-06-18
1500.0,1.0,,37.771934,-122.49811399999999,2014-05-21
2095.0,1.0,712.0,37.337740999999994,-121.98379299999999,2014-06-30
1800.0,1.0,750.0,37.2803,-121.9539,2014-05-29
2895.0,1.0,,37.801305,-122.40691399999999,2014-07-09
2395.0,1.0,,37.899224,-122.05287299999999,2014-06-13
4000.0,3.0,1800.0,37.743003,-122.47676499999999,2014-06-07
2545.0,2.0,935.0,37.84397,-122.29381799999999,2014-05-11
3100.0,3.0,1400.0,37.821752000000004,-122.27611499999999,2014-07-10
4335.0,2.0,1335.0,37.320514,-122.023377,2014-07-05
3300.0,1.0,,37.777457,-122.41315800000001,2014-05-22
2195.0,2.0,980.0,37.234147,-121.80377299999999,2014-05-28
2539.0,2.0,920.0,37.633649,-122.48585800000001,2014-06-18
1800.0,,,37.874752,-122.26504299999999,2014-05-16
2795.0,1.0,700.0,37.895069,-122.499192,2014-06-19
2995.0,3.0,1500.0,37.365655,-121.991565,2014-05-19
3800.0,,,37.762373,-122.43704,2014-07-10
2033.0,1.0,848.0,37.7636,-121.9155,2014-05-30
2400.0,3.0,,37.7641,-122.1633,2014-05-27
1195.0,1.0,,36.9721,-121.9881,2014-05-28
1625.0,2.0,842.0,37.9864,-122.135,2014-06-28
2500.0,2.0,1100.0,37.386322,-121.888182,2014-06-16
3695.0,3.0,1100.0,37.423634,-122.131877,2014-05-14
1245.0,1.0,600.0,38.473902,-122.6757,2014-06-16
3095.0,3.0,1300.0,37.318178,-122.012229,2014-07-06
1749.0,1.0,,37.576801,-122.04286,2014-05-28
,3.0,2800.0,38.0985,-122.2124,2014-05-26
2600.0,2.0,940.0,37.4601,-121.903543,2014-05-20
2015.0,1.0,704.0,37.558079,-121.96408100000001,2014-05-20
3200.0,2.0,1225.0,37.3764,-122.0238,2014-06-27
3697.0,1.0,1101.0,37.764021,-122.39373,2014-05-27
4443.0,2.0,1177.0,37.545122,-122.291651,2014-05-31
4475.0,3.0,1635.0,37.560763,-122.325998,2014-06-13
1810.0,2.0,701.0,37.634484,-122.11196299999999,2014-07-03
2483.0,2.0,1175.0,37.7562,-121.9522,2014-06-21
1999.0,2.0,1200.0,38.480906,-122.726984,2014-05-29
1850.0,2.0,,37.787098,-122.191401,2014-05-29
1963.0,1.0,640.0,37.389152,-121.864922,2014-07-12
3295.0,1.0,408.0,37.780316,-122.39565800000001,2014-06-28
1700.0,1.0,,37.573335,-122.32758100000001,2014-06-28
2720.0,2.0,900.0,37.6004,-122.402,2014-06-18
3000.0,2.0,,37.8767,-122.25663200000001,2014-07-10
1883.0,,565.0,37.5538,-122.27,2014-06-10
1100.0,1.0,600.0,38.431672999999996,-122.667503,2014-05-17
1794.0,2.0,,38.466997,-122.74846299999999,2014-06-18
3350.0,2.0,1550.0,37.835926,-122.27708,2014-07-09
3563.0,2.0,1186.0,37.320531,-122.03022299999999,2014-07-08
990.0,1.0,629.0,38.248191,-122.01883799999999,2014-06-25
2150.0,2.0,850.0,37.571034999999995,-122.010272,2014-05-16
9775.0,3.0,4000.0,38.6493,-122.4453,2014-07-09
3188.0,2.0,1055.0,37.38574000000001,-122.016671,2014-07-02
1700.0,1.0,660.0,37.37364,-122.05667199999999,2014-06-19
1699.0,1.0,780.0,37.898139,-122.298474,2014-06-30
3090.0,2.0,1249.0,37.410227,-121.942672,2014-06-15
2000.0,3.0,1407.0,37.3249,-121.9153,2014-06-29
2200.0,2.0,877.0,37.643501,-122.464569,2014-06-30
2950.0,2.0,,37.822074,-121.913223,2014-06-14
1602.0,1.0,1108.0,37.987574,-122.32108799999999,2014-05-19
2395.0,2.0,,37.395807,-122.099506,2014-07-06
4300.0,2.0,,37.7354,-122.4571,2014-06-15
1575.0,2.0,,38.4822,-122.7473,2014-06-09
1631.0,1.0,713.0,37.6586,-122.0472,2014-06-14
1850.0,1.0,,37.838004999999995,-122.26161,2014-05-30
2600.0,1.0,,37.764124,-122.48361299999999,2014-05-21
1300.0,1.0,,38.226988,-122.634459,2014-06-18
270.0,,,37.285841999999995,-121.97676799999999,2014-05-22
1295.0,1.0,,37.96517,-121.99444799999999,2014-05-17
3800.0,2.0,900.0,37.760418,-122.42216699999999,2014-07-02
1895.0,1.0,,37.414444,-122.12701899999999,2014-05-26
1475.0,,,37.627734999999994,-122.44098400000001,2014-05-30
2425.0,3.0,1372.0,38.276251,-122.29499799999999,2014-05-19
4450.0,2.0,1390.0,37.433278,-122.126534,2014-06-13
1225.0,,350.0,37.338176000000004,-121.882123,2014-05-26
1495.0,1.0,600.0,37.902203,-122.05823400000001,2014-07-08
1630.0,2.0,,37.710629,-121.74796299999998,2014-06-18
1250.0,1.0,,37.843359,-122.28206999999999,2014-05-24
1275.0,1.0,600.0,37.801426,-122.225904,2014-07-03
3295.0,3.0,,37.860116,-122.263327,2014-07-02
3500.0,3.0,1030.0,37.272379,-121.95931399999999,2014-05-30
3100.0,3.0,1620.0,37.666239000000004,-121.867764,2014-06-20
6000.0,5.0,3000.0,37.901492,-122.27685600000001,2014-06-27
2450.0,3.0,,38.4534,-122.6878,2014-06-30
2300.0,,398.0,37.782063,-122.419832,2014-05-16
1725.0,3.0,1350.0,37.756209999999996,-122.19535400000001,2014-07-12
795.0,1.0,800.0,38.249123,-122.043378,2014-06-29
1900.0,2.0,,37.3483,-121.9844,2014-06-09
2506.0,1.0,869.0,37.366541,-122.00200600000001,2014-07-10
900.0,1.0,,37.806121999999995,-122.275,2014-05-16
2000.0,2.0,,37.0313,-122.1198,2014-05-16
2900.0,3.0,1600.0,37.622424,-122.45284099999999,2014-05-22
2494.0,2.0,1081.0,37.320842,-121.975669,2014-06-25
2025.0,2.0,855.0,37.276742999999996,-121.95362800000001,2014-06-11
1590.0,2.0,873.0,38.079706,-122.238344,2014-05-20
9200.0,7.0,2600.0,37.8571,-122.25,2014-06-15
7500.0,3.0,1922.0,37.788588,-122.421178,2014-06-19
1395.0,1.0,500.0,37.363091,-122.023471,2014-06-14
2745.0,,,37.796238,-122.40057,2014-05-21
1750.0,2.0,,37.796170000000004,-122.19831,2014-06-12
1800.0,2.0,984.0,37.373977,-121.849966,2014-07-02
2860.0,2.0,900.0,37.370788,-122.01465400000001,2014-05-18
925.0,,450.0,37.839055,-122.28213600000001,2014-06-20
3983.0,2.0,,37.758128,-122.462819,2014-07-03
2850.0,2.0,1297.0,37.380934,-121.865029,2014-07-02
3100.0,2.0,1000.0,37.73158400000001,-122.439743,2014-07-13
2499.0,2.0,,37.3855,-122.088,2014-06-11
2175.0,3.0,1500.0,37.751045,-122.152594,2014-05-30
1120.0,2.0,1250.0,39.0664,-122.6558,2014-07-08
3743.0,1.0,797.0,37.766949,-122.42110500000001,2014-07-03
1950.0,1.0,694.0,37.50921500000001,-122.29660700000001,2014-07-03
2715.0,2.0,870.0,37.359140999999994,-121.99717,2014-05-27
1808.0,1.0,560.0,37.550835,-122.25995800000001,2014-06-02
2870.0,2.0,1035.0,37.846189,-122.292831,2014-06-27
2950.0,2.0,1000.0,37.830769000000004,-122.20630700000001,2014-07-10
5500.0,5.0,3526.0,37.8321,-121.9167,2014-06-18
3439.0,2.0,925.0,37.651396999999996,-122.492129,2014-07-07
5335.0,2.0,1105.0,37.773167,-122.39666899999999,2014-05-11
3295.0,1.0,822.0,37.779866999999996,-122.437072,2014-05-28
2295.0,2.0,,37.568836,-122.334181,2014-06-12
3295.0,3.0,1850.0,37.860506,-122.272875,2014-05-24
2480.0,4.0,2304.0,38.298303999999995,-121.97561499999999,2014-06-07
2095.0,,,37.405332,-122.07846299999999,2014-05-14
3450.0,1.0,550.0,37.449438,-122.158075,2014-06-09
2143.0,1.0,683.0,37.30153,-121.923502,2014-06-13
2850.0,2.0,,37.83931,-122.28708,2014-06-28
1023.0,2.0,800.0,38.284176,-122.034438,2014-05-22
2419.0,2.0,1016.0,37.243916,-121.871879,2014-06-01
2249.0,2.0,1400.0,38.480821999999996,-122.72670500000001,2014-06-13
3100.0,2.0,1000.0,37.73158400000001,-122.439743,2014-05-20
1795.0,2.0,801.0,37.242743,-121.90586499999999,2014-05-13
1000.0,,118.0,37.782687,-122.414891,2014-07-12
1900.0,,,37.7917,-122.4186,2014-06-24
2557.0,,,37.776619000000004,-122.417402,2014-07-09
2805.0,2.0,806.0,37.58647,-122.359378,2014-06-02
2423.0,1.0,800.0,37.380167,-122.05405,2014-06-01
2106.0,2.0,906.0,37.558079,-121.96408100000001,2014-06-17
2800.0,2.0,,37.780722999999995,-122.470717,2014-07-08
900.0,1.0,,38.4432,-122.7547,2014-07-08
2539.0,2.0,1035.0,36.958328,-122.061517,2014-05-27
1450.0,,,37.788221,-122.41649199999999,2014-06-15
1550.0,2.0,,36.98385,-122.022873,2014-06-02
2250.0,1.0,550.0,37.800222,-122.43393700000001,2014-05-31
2990.0,2.0,1044.0,37.4087,-121.9406,2014-07-03
2400.0,3.0,,38.288219,-122.076302,2014-07-12
5995.0,3.0,,37.793347,-122.434734,2014-05-16
5146.0,3.0,1075.0,37.766712,-122.420354,2014-06-20
1645.0,1.0,636.0,37.679829999999995,-121.78881200000001,2014-06-16
2750.0,1.0,1400.0,37.87537800000001,-122.302508,2014-05-19
895.0,1.0,,37.771328000000004,-122.174077,2014-06-23
2300.0,4.0,2520.0,37.994,-121.7036,2014-06-11
2175.0,1.0,683.0,37.413016,-121.938221,2014-05-21
2442.0,,473.0,37.8664,-122.257,2014-05-22
4639.0,2.0,1367.0,37.919834,-122.488541,2014-05-20
3100.0,2.0,1150.0,37.309242,-121.933681,2014-06-01
1175.0,,,37.859626,-122.28078000000001,2014-06-13
3900.0,2.0,1344.0,37.864968,-122.504125,2014-06-11
1099.0,1.0,,38.010873,-121.82816499999998,2014-06-14
4300.0,2.0,1200.0,37.3163,-121.9356,2014-06-07
2400.0,2.0,1000.0,37.646231,-122.471294,2014-05-30
2035.0,,593.0,37.4087,-121.9406,2014-06-15
2300.0,4.0,1400.0,38.440112,-122.741098,2014-07-07
2260.0,1.0,706.0,37.846171999999996,-122.29278799999999,2014-07-12
2700.0,2.0,,37.708877,-122.42601,2014-06-20
1525.0,1.0,700.0,37.937937,-122.02443400000001,2014-07-08
6850.0,3.0,1800.0,37.7712,-122.4413,2014-06-09
1225.0,1.0,,37.93189,-122.07601299999999,2014-06-17
2225.0,2.0,896.0,37.681956,-121.774455,2014-05-11
2400.0,4.0,1600.0,37.591034,-122.078374,2014-05-24
4300.0,1.0,,37.790565,-122.405574,2014-06-23
2500.0,2.0,1320.0,38.509557,-122.46033,2014-07-01
1640.0,1.0,639.0,37.362105,-121.854881,2014-05-18
2395.0,,,37.778841,-122.422615,2014-06-29
3370.0,2.0,1059.0,37.368445,-122.034683,2014-05-13
3385.0,2.0,1152.0,37.333099,-122.02209599999999,2014-06-20
1350.0,,450.0,37.822057,-122.26431399999998,2014-07-02
1200.0,2.0,,37.800575,-122.242856,2014-06-27
1400.0,,325.0,37.8961,-122.1119,2014-05-18
2350.0,2.0,855.0,36.96515,-122.010273,2014-06-02
1270.0,2.0,704.0,38.001241,-121.830642,2014-07-13
3500.0,2.0,,37.782994,-122.44206899999999,2014-07-10
2180.0,1.0,748.0,37.37737,-122.059854,2014-06-13
3695.0,1.0,1200.0,37.793558000000004,-122.425697,2014-05-28
1295.0,,,37.63215200000001,-122.05373,2014-06-24
2775.0,2.0,1000.0,37.34202,-122.034675,2014-06-30
2539.0,2.0,920.0,37.633649,-122.48585800000001,2014-06-08
2150.0,1.0,,37.905648,-122.552458,2014-06-18
1900.0,1.0,600.0,37.601535,-122.392583,2014-07-02
2500.0,3.0,1500.0,36.936721,-121.861897,2014-06-09
3450.0,2.0,,37.900125,-122.54518700000001,2014-05-17
2615.0,2.0,1142.0,37.28935,-121.876488,2014-06-08
1950.0,2.0,,37.338840999999995,-122.037471,2014-07-10
1275.0,1.0,580.0,38.467299,-122.75936399999999,2014-06-24
2445.0,2.0,583.0,37.86994,-122.28518000000001,2014-05-16
1605.0,1.0,,37.554234,-122.01700100000001,2014-05-22
2095.0,2.0,959.0,37.25409000000001,-121.827199,2014-06-28
2425.0,2.0,990.0,37.68907700000001,-121.88197,2014-06-29
1681.0,,560.0,37.764228,-122.27228000000001,2014-05-11
1900.0,3.0,1068.0,37.640265,-122.073706,2014-07-02
2400.0,,662.0,37.787647,-122.443753,2014-07-09
2400.0,1.0,750.0,37.6574,-122.4235,2014-06-15
1750.0,3.0,1242.0,37.767046,-122.183477,2014-06-22
2700.0,4.0,1737.0,37.7402,-122.171,2014-06-07
2300.0,3.0,1000.0,37.351209000000004,-121.81241499999999,2014-06-28
2242.0,2.0,1240.0,38.367113,-122.683697,2014-06-19
5149.0,3.0,1533.0,37.919834,-122.488541,2014-06-30
2500.0,1.0,,37.785740999999994,-122.16380600000001,2014-05-27
4350.0,2.0,,37.797669,-122.445953,2014-06-27
2422.0,1.0,804.0,37.39574,-121.956769,2014-05-17
3400.0,2.0,1251.0,37.993285,-122.52927,2014-06-17
2900.0,3.0,1100.0,37.687607,-122.490628,2014-07-08
1125.0,1.0,,38.406998,-122.741299,2014-06-02
4475.0,2.0,1023.0,37.783125,-122.40908600000002,2014-06-19
1766.0,1.0,,37.668378000000004,-121.885426,2014-06-28
4250.0,5.0,2200.0,37.218785,-121.879663,2014-06-20
3300.0,3.0,2000.0,37.918583,-122.355981,2014-06-09
6500.0,3.0,1600.0,37.8958,-122.5339,2014-06-15
1580.0,,410.0,37.539336,-121.963571,2014-06-14
1600.0,2.0,860.0,38.248664,-122.64101699999999,2014-05-27
1725.0,1.0,600.0,37.23673,-121.795961,2014-06-28
7400.0,3.0,2200.0,37.4396,-122.1864,2014-06-30
1149.0,1.0,643.0,38.110169,-122.196503,2014-05-15
2930.0,1.0,748.0,37.368445,-122.034683,2014-06-11
1695.0,,,37.780823,-122.414432,2014-05-19
5800.0,2.0,1950.0,37.796170000000004,-122.438207,2014-05-15
3760.0,3.0,1318.0,37.560763,-122.325998,2014-05-30
2400.0,1.0,,37.821191999999996,-122.250152,2014-05-15
3331.0,2.0,1133.0,37.705146,-121.897945,2014-06-24
2750.0,2.0,1500.0,37.874666,-122.293072,2014-05-28
1600.0,,,37.7786,-122.4892,2014-07-04
1958.0,1.0,,37.395971,-122.09924,2014-06-30
2460.0,1.0,747.0,37.4087,-121.9406,2014-07-10
800.0,1.0,,37.773126,-122.211133,2014-07-10
3495.0,1.0,658.0,37.784673,-122.436874,2014-06-19
3500.0,3.0,1650.0,37.77822800000001,-122.188778,2014-06-12
3250.0,1.0,,37.770008000000004,-122.44693400000001,2014-05-25
1502.0,2.0,885.0,38.336572,-121.96425,2014-06-22
1875.0,2.0,,38.4549,-122.2564,2014-06-24
3300.0,1.0,810.0,37.783784999999995,-122.39893,2014-07-04
3600.0,1.0,950.0,37.783401,-122.399111,2014-07-09
2300.0,,,37.7786,-122.4892,2014-06-08
1675.0,1.0,700.0,37.156075,-121.844559,2014-07-13
5100.0,3.0,1114.0,37.761899,-122.40128600000001,2014-07-10
1325.0,2.0,780.0,37.933223,-121.70646399999998,2014-06-29
1500.0,4.0,2162.0,38.023484,-121.26691799999999,2014-06-25
5700.0,3.0,,37.460204,-122.14889299999999,2014-05-20
1850.0,2.0,850.0,37.315742,-121.976169,2014-06-19
1550.0,2.0,850.0,37.861905,-122.129443,2014-05-25
2295.0,1.0,,37.7813,-122.4167,2014-07-05
1515.0,,436.0,37.765828000000006,-121.948753,2014-06-27
2980.0,2.0,,37.873922,-122.266481,2014-05-19
1710.0,1.0,685.0,37.5368,-122.032,2014-06-07
3468.0,2.0,1147.0,37.333841,-122.024571,2014-06-16
2422.0,2.0,970.0,37.3492,-121.953,2014-06-22
1650.0,1.0,684.0,37.762759,-121.91174299999999,2014-05-30
1375.0,1.0,,36.96845,-122.032474,2014-06-20
1890.0,1.0,635.0,37.317924,-121.966268,2014-05-20
2650.0,3.0,1370.0,37.420152,-121.899328,2014-05-20
1850.0,1.0,688.0,37.7593,-122.4836,2014-07-03
3350.0,2.0,1185.0,37.331841,-121.904866,2014-06-19
1625.0,2.0,990.0,38.476791,-122.75618100000001,2014-07-09
3500.0,1.0,779.0,37.785899,-122.39936999999999,2014-05-16
1100.0,,,37.726364000000004,-122.380817,2014-05-29
3500.0,1.0,795.0,37.787455,-122.39118,2014-05-25
3300.0,4.0,2222.0,37.344283000000004,-121.85781999999999,2014-06-27
1450.0,3.0,,37.799904,-122.21501,2014-06-23
1800.0,2.0,,37.796170000000004,-122.19831,2014-07-09
1859.0,2.0,900.0,37.782434,-121.938372,2014-05-16
2300.0,5.0,3100.0,37.7695,-121.5397,2014-06-20
1400.0,1.0,610.0,37.662729999999996,-121.78446399999999,2014-06-17
2550.0,1.0,650.0,37.868309,-122.27018000000001,2014-05-19
2145.0,1.0,,37.337413,-122.04508999999999,2014-05-22
2042.0,2.0,1000.0,37.9053,-122.0549,2014-06-29
750.0,,60000.0,38.474641,-123.15446399999999,2014-05-27
1020.0,2.0,728.0,37.9939,-121.8089,2014-05-27
1525.0,1.0,465.0,37.396511,-121.960536,2014-07-04
2850.0,2.0,,37.7441,-122.4863,2014-06-19
2460.0,1.0,708.0,37.846251,-122.292759,2014-05-13
1952.0,1.0,890.0,37.757144,-121.908524,2014-07-05
3469.0,2.0,1147.0,37.333841,-122.024571,2014-07-10
3995.0,2.0,2310.0,37.97783,-122.537127,2014-06-07
1150.0,2.0,,38.001241,-121.830642,2014-06-14
6500.0,4.0,2700.0,37.259904,-121.98099199999999,2014-05-30
5800.0,1.0,,37.783516,-122.394166,2014-06-16
12000.0,5.0,2900.0,37.918225,-122.55338799999998,2014-05-27
2400.0,2.0,1200.0,38.232017,-122.646597,2014-06-30
1995.0,3.0,1801.0,37.966362,-121.723301,2014-06-22
820.0,2.0,700.0,37.737303999999995,-121.43249399999999,2014-06-01
2095.0,,,37.405332,-122.07846299999999,2014-05-19
929.0,2.0,1065.0,38.36099,-121.97928300000001,2014-05-16
2030.0,,738.0,37.5308,-121.9712,2014-05-30
2100.0,,,37.800951,-122.436383,2014-06-20
,,,37.358219,-122.00109199999999,2014-05-19
1675.0,1.0,,37.554234,-122.01700100000001,2014-06-18
3600.0,1.0,1050.0,37.78360900000001,-122.38984599999999,2014-06-10
3950.0,2.0,1204.0,37.3886,-122.0177,2014-06-18
4595.0,,,37.796763,-122.437949,2014-07-10
2035.0,1.0,708.0,37.701329,-121.872367,2014-06-18
1255.0,2.0,704.0,38.001241,-121.830642,2014-06-19
2322.0,2.0,1175.0,37.756309,-121.965825,2014-05-28
1459.0,2.0,873.0,38.4432,-122.7547,2014-05-20
2175.0,2.0,900.0,37.542636,-121.97737099999999,2014-06-14
3750.0,2.0,,37.790227,-122.408251,2014-06-25
1695.0,1.0,75.0,37.7636,-121.9155,2014-06-14
1300.0,2.0,,38.5769,-122.4477,2014-05-20
2900.0,2.0,,37.773103000000006,-122.484232,2014-06-23
3425.0,2.0,1091.0,37.846138,-122.293025,2014-06-10
1980.0,2.0,900.0,37.382529999999996,-121.858029,2014-06-24
4795.0,3.0,,37.774636,-122.440573,2014-05-30
1850.0,1.0,672.0,37.285011,-121.935116,2014-05-16
2200.0,2.0,1100.0,37.075447,-122.080374,2014-07-06
1918.0,1.0,570.0,37.7166,-121.9226,2014-05-27
2200.0,4.0,2468.0,36.8337,-121.3439,2014-06-16
2950.0,3.0,1410.0,37.559718,-121.97283300000001,2014-05-31
2250.0,2.0,947.0,37.724582,-121.92217099999999,2014-06-25
1100.0,1.0,700.0,38.437304,-122.706428,2014-06-02
1275.0,,476.0,37.802596,-122.277832,2014-05-17
2700.0,3.0,1350.0,37.411789,-121.861671,2014-06-18
2499.0,2.0,1059.0,37.30657,-121.92206000000002,2014-06-21
1026.0,1.0,740.0,38.279305,-122.03402,2014-06-25
2800.0,2.0,,37.50392100000001,-122.26015100000001,2014-05-22
2375.0,2.0,990.0,37.68907700000001,-121.88197,2014-06-24
3240.0,1.0,682.0,37.774467,-122.391644,2014-06-09
3705.0,3.0,1212.0,37.333099,-122.02209599999999,2014-06-24
2210.0,,771.0,36.966382,-122.032328,2014-05-21
2895.0,,428.0,37.780316,-122.39565800000001,2014-06-20
2700.0,2.0,800.0,36.957248,-122.035918,2014-07-03
1625.0,1.0,700.0,37.478623,-122.22628999999999,2014-06-12
1950.0,,,37.779267,-122.43695100000001,2014-06-13
1800.0,1.0,3900.0,38.427572,-122.035725,2014-05-11
1518.0,1.0,,37.676637,-121.754608,2014-06-21
3530.0,2.0,1170.0,37.560763,-122.325998,2014-07-01
1500.0,2.0,,36.9294,-121.7727,2014-06-23
1075.0,2.0,,37.892212,-122.14600700000001,2014-06-18
2500.0,2.0,1070.0,37.315892,-121.950152,2014-06-27
800.0,,440.0,38.10109,-122.25453700000001,2014-05-27
3500.0,2.0,1269.0,37.35614,-121.89126599999999,2014-07-01
1450.0,1.0,,37.340968,-121.891217,2014-05-31
2395.0,2.0,,37.469299,-122.214491,2014-05-16
750.0,1.0,,38.2671,-122.0356,2014-06-28
2352.0,1.0,861.0,37.316841,-121.91096599999999,2014-06-21
2200.0,2.0,,37.802696999999995,-122.246118,2014-06-18
3995.0,2.0,1200.0,37.761052,-122.442306,2014-06-12
1930.0,1.0,620.0,37.56120900000001,-122.32850800000001,2014-05-27
1550.0,2.0,1100.0,38.064370000000004,-122.180697,2014-06-23
1450.0,2.0,700.0,37.791727,-122.212978,2014-06-15
1705.0,2.0,,38.46350200000001,-122.65675300000001,2014-06-29
2045.0,1.0,600.0,37.573846,-122.31043600000001,2014-05-28
6500.0,3.0,3000.0,37.859049,-122.22491699999999,2014-05-24
2097.0,,474.0,37.74654,-122.441347,2014-05-16
2110.0,1.0,859.0,37.709831,-121.88756000000001,2014-05-14
11750.0,4.0,,37.869814,-122.462078,2014-06-29
2295.0,3.0,1200.0,37.93460200000001,-122.021027,2014-05-21
1600.0,1.0,,38.291887,-122.457473,2014-06-18
1870.0,1.0,544.0,37.4601,-121.903543,2014-06-23
2375.0,3.0,1600.0,37.22674,-121.77204099999999,2014-06-12
2145.0,1.0,748.0,37.377541,-122.059854,2014-05-17
1875.0,2.0,,37.834920000000004,-122.252576,2014-06-02
1925.0,,,37.450344,-122.182607,2014-05-11
1895.0,1.0,850.0,37.38124000000001,-122.057772,2014-06-15
2350.0,1.0,550.0,37.755841,-122.3988,2014-07-01
2999.0,2.0,1043.0,37.403437,-122.009525,2014-05-31
1525.0,1.0,730.0,37.674,-122.0894,2014-07-12
2854.0,,,37.550079,-122.289244,2014-05-21
1195.0,,300.0,36.97465,-122.031874,2014-05-25
1150.0,,350.0,36.972195,-122.028267,2014-05-29
6090.0,2.0,1268.0,37.791153,-122.39581299999999,2014-06-20
1850.0,2.0,850.0,37.285841999999995,-121.953245,2014-05-31
3550.0,1.0,,37.799942,-122.43606899999999,2014-06-11
2800.0,3.0,1450.0,37.795941,-122.229745,2014-06-13
3100.0,3.0,1100.0,37.38803400000001,-122.08604299999999,2014-06-07
7500.0,3.0,,37.789301,-122.459453,2014-05-19
1924.0,,,37.243916,-121.871879,2014-06-17
1850.0,3.0,,38.155518,-122.257081,2014-06-09
3425.0,1.0,644.0,37.77448,-122.391493,2014-06-16
3425.0,1.0,937.0,37.491212,-122.230883,2014-07-07
4150.0,1.0,,37.793347,-122.434734,2014-06-15
2707.0,1.0,801.0,37.259743,-121.96169599999999,2014-06-27
1000.0,,400.0,38.352628,-122.265022,2014-05-21
1000.0,1.0,,37.861526,-122.28708,2014-05-19
2275.0,2.0,935.0,37.408072,-121.8899,2014-05-31
5350.0,2.0,1420.0,37.774031,-122.395577,2014-06-20
2090.0,2.0,870.0,37.318882,-121.966268,2014-05-29
2825.0,2.0,1000.0,37.305279,-122.02977,2014-07-01
1590.0,,425.0,37.454438,-122.136774,2014-06-24
1700.0,2.0,850.0,38.409289,-122.712741,2014-07-10
3295.0,2.0,1068.0,37.480737,-122.228476,2014-06-25
4300.0,4.0,1600.0,37.530975,-122.246403,2014-06-20
1995.0,2.0,1000.0,37.357605,-121.867497,2014-05-27
3545.0,2.0,950.0,37.75354,-122.436527,2014-06-14
1350.0,2.0,890.0,37.993363,-122.131372,2014-07-02
3100.0,2.0,1000.0,37.73158400000001,-122.439743,2014-05-13
2106.0,1.0,593.0,37.333740999999996,-121.89086599999999,2014-05-29
3995.0,4.0,1400.0,37.255342999999996,-121.89846499999999,2014-05-29
1575.0,1.0,625.0,37.289975,-121.87817199999999,2014-05-22
2895.0,2.0,896.0,37.714069,-122.457093,2014-07-01
1249.0,2.0,,38.010873,-121.82816499999998,2014-06-19
1600.0,1.0,700.0,37.9182,-122.0717,2014-05-16
2550.0,1.0,1517.0,37.357597999999996,-121.947631,2014-07-10
1850.0,1.0,800.0,37.742909000000004,-122.47890500000001,2014-07-12
3174.0,2.0,1359.0,37.329741,-121.88696599999999,2014-06-22
2400.0,2.0,,37.802052,-122.199519,2014-06-11
2808.0,2.0,1242.0,37.3249,-121.9153,2014-05-30
1998.0,2.0,850.0,37.3163,-121.9356,2014-05-16
1205.0,1.0,620.0,38.34176,-121.97096699999999,2014-05-19
1805.0,2.0,880.0,38.313107,-122.282124,2014-07-10
1225.0,2.0,,38.398251,-122.83180300000001,2014-06-19
675.0,,,37.795455,-122.406098,2014-06-15
1695.0,,,37.761737,-122.42097700000001,2014-05-18
1695.0,2.0,,37.631371,-122.072627,2014-07-02
3350.0,1.0,,37.449438,-122.158075,2014-06-18
1715.0,1.0,735.0,37.762628,-122.25268,2014-06-02
1995.0,1.0,,37.425474,-122.135601,2014-05-27
1600.0,2.0,,37.978777,-122.295427,2014-07-01
1700.0,2.0,,37.277434,-121.95478700000001,2014-06-25
2300.0,4.0,1659.0,37.665531,-122.088874,2014-06-28
2105.0,1.0,694.0,37.377694,-122.059747,2014-05-25
5100.0,4.0,2550.0,37.537236,-122.267978,2014-07-01
1578.0,,410.0,37.539336,-121.963571,2014-05-16
2678.0,3.0,,37.356531,-121.956353,2014-06-13
1650.0,1.0,650.0,37.572235,-122.021172,2014-05-27
1713.0,2.0,1240.0,38.249261,-122.065198,2014-05-20
3800.0,2.0,905.0,37.759093,-122.43811200000002,2014-06-12
4500.0,2.0,1100.0,37.770426,-122.431405,2014-06-08
3012.0,2.0,1044.0,37.4087,-121.9406,2014-06-08
1604.0,1.0,858.0,38.4534,-122.6878,2014-06-18
2400.0,,550.0,37.793508,-122.43391499999998,2014-06-13
2975.0,2.0,,37.77146,-122.4506,2014-05-27
3100.0,2.0,1000.0,37.73158400000001,-122.439743,2014-06-28
1695.0,,594.0,37.3893,-122.0783,2014-06-23
7900.0,3.0,1850.0,37.447138,-122.154475,2014-05-31
2870.0,1.0,929.0,37.58164,-122.40286599999999,2014-05-15
2381.0,2.0,950.0,37.339441,-121.996197,2014-05-20
2795.0,1.0,,37.783619,-122.422653,2014-06-19
3000.0,2.0,,37.456294,-122.181273,2014-05-16
1845.0,1.0,570.0,37.68907700000001,-121.88197,2014-06-22
5500.0,2.0,901.0,37.774514,-122.391429,2014-06-12
7300.0,3.0,,37.877174,-122.446575,2014-07-06
5300.0,4.0,2700.0,37.582643,-122.35365300000001,2014-06-28
2295.0,2.0,1022.0,37.894748,-122.06418400000001,2014-05-22
3800.0,3.0,1080.0,37.46808,-122.242853,2014-05-23
2630.0,1.0,760.0,37.3764,-122.0238,2014-05-30
3395.0,1.0,,37.79667,-122.438779,2014-05-22
2460.0,2.0,1126.0,37.972756,-122.033644,2014-07-02
3300.0,3.0,1108.0,37.393826000000004,-121.98881999999999,2014-07-03
2100.0,1.0,600.0,37.506202,-122.300191,2014-06-11
6000.0,2.0,1550.0,37.7864,-122.3892,2014-05-27
900.0,2.0,550.0,38.028757,-121.95553799999999,2014-05-20
4575.0,4.0,2650.0,37.235078,-121.87090900000001,2014-05-30
9000.0,4.0,,37.883474,-122.52946599999999,2014-06-01
1725.0,1.0,800.0,37.31596,-121.84319099999999,2014-05-22
21000.0,6.0,6108.0,37.455238,-122.14079299999999,2014-07-09
2320.0,1.0,747.0,37.40475,-121.931977,2014-05-18
2603.0,,,37.776619000000004,-122.417402,2014-06-18
3695.0,1.0,1020.0,37.895069,-122.499192,2014-06-21
3042.0,2.0,1100.0,37.4087,-121.9406,2014-06-15
5350.0,,,37.781055,-122.402387,2014-05-11
1499.0,,450.0,37.869426000000004,-122.28958,2014-05-31
2240.0,2.0,825.0,37.368441,-122.00397,2014-05-27
2546.0,3.0,1063.0,37.554409,-121.999851,2014-05-25
6395.0,4.0,2226.0,37.381667,-122.081666,2014-06-28
3262.0,2.0,1147.0,37.333841,-122.024571,2014-05-30
1200.0,3.0,1200.0,37.4826,-121.1648,2014-07-10
1995.0,3.0,1420.0,37.665631,-122.067654,2014-07-08
4700.0,2.0,1452.0,37.785334999999996,-122.424687,2014-06-12
2590.0,2.0,1039.0,37.553798,-121.973948,2014-05-27
2450.0,3.0,1400.0,37.318303,-121.87605900000001,2014-06-18
850.0,1.0,775.0,38.100093,-122.25433600000001,2014-06-16
1390.0,2.0,,37.757086,-122.176902,2014-05-25
2650.0,2.0,1200.0,36.986426,-122.004522,2014-06-27
650.0,,,37.940324,-122.36368200000001,2014-06-14
2299.0,2.0,880.0,37.31031,-121.879488,2014-06-11
1972.0,1.0,732.0,37.3864,-121.88,2014-06-20
3135.0,2.0,1090.0,37.846071,-122.29278799999999,2014-07-12
2300.0,2.0,450.0,37.794737,-122.40974299999999,2014-06-16
4400.0,3.0,1953.0,38.037703,-122.59043,2014-06-18
1250.0,2.0,,38.2904,-122.2841,2014-06-23
2549.0,2.0,933.0,37.687924,-121.87605,2014-07-08
2600.0,3.0,1250.0,37.526388,-122.511109,2014-05-22
2495.0,1.0,800.0,37.971322,-122.53526399999998,2014-06-25
1895.0,1.0,,37.76113400000001,-122.489853,2014-06-24
1835.0,2.0,796.0,37.683,-121.763,2014-06-25
875.0,2.0,757.0,38.268856,-122.035756,2014-06-24
1630.0,1.0,,37.554234,-122.01700100000001,2014-05-20
1930.0,1.0,625.0,37.760858,-121.948453,2014-07-08
3800.0,3.0,1800.0,37.331095,-121.97412,2014-05-31
4472.0,1.0,861.0,37.788687,-122.392723,2014-06-27
3316.0,2.0,1251.0,37.806145,-122.275221,2014-06-10
2400.0,3.0,1500.0,37.7641,-122.1633,2014-06-18
2592.0,,450.0,37.776619000000004,-122.417402,2014-05-24
1950.0,1.0,1000.0,37.6196,-122.4816,2014-06-11
6500.0,4.0,1925.0,37.955106,-122.552876,2014-07-08
1650.0,1.0,690.0,37.309039,-121.91386599999998,2014-05-30
2150.0,1.0,,37.5395,-122.2998,2014-06-30
2430.0,2.0,950.0,37.616679,-122.46631599999999,2014-06-25
3800.0,2.0,,37.755137,-122.39091499999999,2014-06-19
2958.0,2.0,,37.556615,-122.26976,2014-05-26
3600.0,1.0,946.0,37.783503,-122.399025,2014-07-08
1685.0,,410.0,37.590363,-122.02085500000001,2014-05-29
4000.0,5.0,2000.0,37.680543,-122.477775,2014-07-10
1700.0,4.0,1868.0,37.715552,-121.42368799999998,2014-07-05
6600.0,4.0,2500.0,37.269743,-122.02986999999999,2014-06-20
2800.0,2.0,,37.832615999999994,-122.273948,2014-05-13
1650.0,3.0,1380.0,38.08162,-122.240219,2014-05-16
2285.0,1.0,861.0,37.317138,-121.908782,2014-05-28
3500.0,2.0,975.0,37.811772,-122.25723700000002,2014-05-11
1375.0,,415.0,37.933042,-122.05821399999999,2014-06-11
1999.0,2.0,1200.0,38.481158,-122.726297,2014-06-16
2295.0,1.0,600.0,37.609334999999994,-122.396883,2014-05-21
2655.0,2.0,1013.0,37.4601,-121.903543,2014-06-01
2195.0,4.0,2019.0,38.068496,-122.2231,2014-06-14
1885.0,2.0,800.0,37.907637,-122.05381399999999,2014-06-25
4200.0,3.0,1495.0,37.394002,-122.067171,2014-07-06
4995.0,2.0,,37.787013,-122.400302,2014-06-02
4500.0,2.0,1700.0,37.777635,-122.473183,2014-07-05
1148.0,1.0,,37.783108,-122.231293,2014-06-18
1350.0,1.0,630.0,37.924498,-122.05726899999999,2014-05-27
2950.0,1.0,,37.756853,-122.43898300000001,2014-06-15
1329.0,1.0,675.0,37.987724,-122.32546799999999,2014-06-12
2554.0,2.0,1025.0,37.4087,-121.9406,2014-06-18
2495.0,2.0,1005.0,37.268892,-121.974166,2014-06-24
3819.0,1.0,808.0,37.7864,-122.3892,2014-05-28
3335.0,1.0,778.0,37.384099,-122.003859,2014-07-12
1900.0,4.0,,38.0985,-122.2124,2014-06-13
2025.0,2.0,834.0,37.362105,-121.854881,2014-06-07
1550.0,3.0,1100.0,37.974022999999995,-122.29408000000001,2014-05-17
2450.0,1.0,,37.792593,-122.419402,2014-07-04
3304.0,,1296.0,37.764021,-122.39373,2014-06-28
1635.0,1.0,600.0,37.59027800000001,-122.02091899999999,2014-07-05
2515.0,2.0,992.0,37.27417,-121.84816699999999,2014-06-23
2600.0,2.0,,37.805341999999996,-122.26306899999999,2014-06-12
3250.0,3.0,1800.0,37.256446999999994,-121.939209,2014-06-17
900.0,1.0,300.0,36.844134000000004,-121.407058,2014-06-02
3500.0,2.0,1600.0,37.837496,-121.97991499999999,2014-07-05
4795.0,2.0,,37.789829,-122.403842,2014-06-15
2110.0,1.0,825.0,37.319066,-121.97298300000001,2014-05-24
2345.0,1.0,759.0,37.41232700000001,-121.937474,2014-06-11
2349.0,2.0,900.0,37.487837,-121.926069,2014-06-17
1750.0,2.0,,37.864385,-122.27191,2014-06-27
2550.0,4.0,1480.0,38.3359,-122.693081,2014-05-19
1805.0,1.0,650.0,37.585421999999994,-122.022177,2014-05-24
2500.0,2.0,,37.719,-122.4096,2014-05-30
3975.0,3.0,1107.0,37.314299,-121.98537900000001,2014-05-21
2300.0,,,37.7856,-122.4358,2014-06-01
1699.0,2.0,,38.463452000000004,-122.65671,2014-05-15
3400.0,4.0,2200.0,37.440826,-121.89131499999999,2014-06-08
5200.0,1.0,1200.0,37.794728000000006,-122.431426,2014-07-08
3398.0,2.0,1133.0,37.705146,-121.898117,2014-06-11
2395.0,1.0,776.0,37.720865,-122.475223,2014-05-19
2200.0,2.0,1175.0,37.814,-121.966,2014-06-15
2600.0,5.0,2993.0,38.242567,-122.0417,2014-07-05
1249.0,2.0,,38.010873,-121.82816499999998,2014-06-08
1677.0,1.0,682.0,37.6658,-121.8755,2014-05-13
2800.0,3.0,,37.736464,-122.497798,2014-05-17
2940.0,3.0,1319.0,37.2685,-121.849,2014-05-13
2925.0,1.0,766.0,37.761338,-122.423778,2014-06-16
2250.0,1.0,,37.8571,-122.25,2014-06-27
2525.0,1.0,,37.795025,-122.414542,2014-06-24
3795.0,2.0,,37.78338400000001,-122.454429,2014-06-09
3366.0,2.0,1186.0,37.320836,-122.030697,2014-06-08
1550.0,1.0,800.0,37.691173,-122.491786,2014-07-08
1713.0,1.0,,37.668162,-121.885309,2014-05-20
2695.0,2.0,,37.803795,-122.266433,2014-05-13
1600.0,1.0,773.0,37.915323,-122.048973,2014-06-13
2730.0,2.0,1138.0,37.812225,-122.2173,2014-06-08
3600.0,3.0,1721.0,37.710443,-122.433314,2014-05-28
1101.0,1.0,740.0,38.279305,-122.03402,2014-06-07
1250.0,2.0,845.0,38.000001,-121.83260700000001,2014-05-21
2450.0,2.0,,37.801867,-122.247555,2014-07-05
3600.0,2.0,1200.0,37.848826,-122.25108,2014-06-13
1999.0,2.0,1200.0,38.481326,-122.72631899999999,2014-06-12
3300.0,3.0,1500.0,37.556503,-122.319267,2014-06-25
6690.0,3.0,2000.0,37.745733,-122.43281999999999,2014-06-15
1400.0,2.0,750.0,37.97125,-122.04117600000001,2014-06-11
1495.0,1.0,,37.7205,-122.1587,2014-07-02
20000.0,2.0,,37.785829,-122.40149,2014-05-16
2690.0,1.0,727.0,37.384099,-122.003859,2014-05-11
2695.0,4.0,1895.0,37.642787,-122.11433600000001,2014-06-27
1675.0,1.0,650.0,37.98745,-122.52767800000001,2014-06-23
4695.0,2.0,,37.792219,-122.419324,2014-06-18
1600.0,2.0,1000.0,38.011734999999994,-122.097223,2014-07-03
2425.0,2.0,870.0,37.359140999999994,-121.99717,2014-06-24
5000.0,3.0,2020.0,37.5671,-122.3676,2014-06-15
2700.0,2.0,1000.0,37.873925,-122.27598,2014-07-03
3495.0,1.0,854.0,37.777028,-122.393184,2014-06-15
2450.0,3.0,1650.0,37.663711,-122.095528,2014-06-10
2895.0,2.0,955.0,37.337454,-122.064973,2014-06-27
2185.0,1.0,652.0,37.534535999999996,-122.299779,2014-05-24
2600.0,1.0,600.0,37.772479,-122.41464599999999,2014-05-19
1820.0,1.0,708.0,37.701329,-121.872367,2014-06-12
1050.0,2.0,,38.0519,-122.2177,2014-06-12
2000.0,5.0,2725.0,37.6567,-121.4955,2014-06-22
1450.0,3.0,,37.775764,-122.49625900000001,2014-06-02
1600.0,3.0,,38.269056,-122.022101,2014-05-27
1595.0,2.0,900.0,37.562156,-121.97896599999999,2014-06-21
3367.0,2.0,1100.0,37.371814,-122.017052,2014-05-16
2800.0,3.0,1200.0,37.451346,-122.26024699999999,2014-07-02
1026.0,1.0,740.0,38.279305,-122.03402,2014-07-08
1650.0,,,37.788453999999994,-122.414174,2014-05-28
1249.0,2.0,,38.010873,-121.82816499999998,2014-06-30
5300.0,4.0,,37.544407,-122.273798,2014-07-03
1795.0,,,37.773293,-122.444258,2014-05-24
2100.0,3.0,1300.0,37.704226,-122.13583100000001,2014-06-09
1950.0,2.0,840.0,37.456235,-121.915458,2014-07-09
3898.0,2.0,1200.0,37.8843,-122.4637,2014-06-19
5900.0,3.0,3500.0,37.8431,-122.2402,2014-06-30
3600.0,1.0,,37.772108,-122.430434,2014-05-13
2197.0,2.0,1052.0,37.757093,-121.908503,2014-06-08
3700.0,3.0,1550.0,37.405619,-122.11483999999999,2014-06-23
1195.0,1.0,,37.80118,-122.24341799999999,2014-05-31
2795.0,1.0,,37.802621,-122.414681,2014-05-14
2095.0,2.0,800.0,37.33380800000001,-121.877475,2014-06-08
,,,37.330896,-121.875285,2014-05-21
5900.0,2.0,1000.0,37.805689,-122.43554499999999,2014-06-17
3495.0,2.0,980.0,37.430239,-122.124674,2014-06-14
2487.0,2.0,1016.0,37.243916,-121.871879,2014-07-12
2280.0,1.0,786.0,37.7166,-121.9226,2014-06-24
1950.0,,600.0,37.753615,-122.472668,2014-07-08
1950.0,2.0,,37.692132,-122.462333,2014-05-24
1925.0,1.0,783.0,37.704357,-121.91158700000001,2014-05-18
3000.0,2.0,1000.0,37.475486,-122.196872,2014-07-12
1550.0,1.0,660.0,37.89882,-122.055889,2014-07-03
9500.0,3.0,,37.864046,-122.458441,2014-06-13
770.0,1.0,,37.864826,-122.25508700000002,2014-05-20
8425.0,2.0,2780.0,37.3163,-121.9356,2014-07-01
2395.0,1.0,,37.387624,-122.045143,2014-06-14
2295.0,,,37.779145,-122.43524099999999,2014-06-29
3250.0,1.0,650.0,37.787772,-122.400899,2014-05-16
2200.0,2.0,,37.6873,-121.8957,2014-06-16
2915.0,1.0,900.0,37.5538,-122.27,2014-06-10
2150.0,2.0,,37.883998999999996,-122.29499799999999,2014-05-16
2063.0,1.0,,37.920835,-122.512593,2014-07-08
900.0,2.0,850.0,38.00187800000001,-121.81020500000001,2014-07-03
1708.0,,505.0,37.915458,-122.05941200000001,2014-07-06
3000.0,2.0,1450.0,37.9691,-122.5105,2014-07-09
2950.0,2.0,1060.0,37.396907,-122.101303,2014-05-19
2500.0,5.0,2182.0,38.1053,-122.2474,2014-07-05
1725.0,,,37.782794,-122.41405400000001,2014-05-19
1475.0,,,37.629234000000004,-122.05043700000002,2014-06-27
1795.0,1.0,615.0,37.768985,-122.286478,2014-05-14
2075.0,2.0,834.0,37.362105,-121.854881,2014-05-15
3005.0,2.0,1044.0,37.4087,-121.9406,2014-05-13
2167.0,1.0,,37.6247,-122.429,2014-05-28
3465.0,3.0,1651.0,37.666073,-121.847928,2014-05-15
1200.0,1.0,400.0,37.874825,-122.27608000000001,2014-06-07
1850.0,1.0,,37.837953999999996,-122.261481,2014-06-02
3699.0,1.0,808.0,37.7864,-122.3892,2014-07-10
2710.0,1.0,835.0,37.407571000000004,-121.938479,2014-06-28
1575.0,2.0,,38.4822,-122.7473,2014-05-16
4200.0,4.0,1950.0,37.218468,-121.85044599999999,2014-06-02
3280.0,3.0,1920.0,37.40279,-121.92360900000001,2014-05-22
4590.0,3.0,1508.0,37.321711,-122.002831,2014-05-16
2745.0,1.0,835.0,37.408483000000004,-121.93691299999999,2014-06-07
2495.0,2.0,1092.0,37.707435,-121.88758,2014-06-20
5600.0,2.0,,37.791153,-122.39581299999999,2014-05-23
2042.0,1.0,736.0,37.806145,-122.275221,2014-06-17
1604.0,2.0,895.0,38.316565000000004,-122.28419199999999,2014-06-18
775.0,,500.0,38.327675,-122.701517,2014-06-13
2450.0,1.0,823.0,37.31800000000001,-122.0449,2014-06-29
2850.0,1.0,743.0,37.491212,-122.230883,2014-06-27
2350.0,2.0,,37.706385,-122.464299,2014-05-24
2950.0,2.0,,37.394213,-122.081441,2014-06-19
2350.0,2.0,1073.0,37.777058000000004,-121.988947,2014-05-25
2695.0,4.0,1476.0,37.996839,-122.10642800000001,2014-06-01
5345.0,4.0,2300.0,38.0031,-121.9172,2014-06-12
2395.0,2.0,1104.0,37.282795,-121.856489,2014-06-28
1595.0,1.0,,37.861526,-122.25398,2014-06-13
3135.0,2.0,926.0,37.384099,-122.003859,2014-05-24
4250.0,4.0,2513.0,37.54264000000001,-122.50145,2014-05-13
1900.0,5.0,2179.0,37.968241,-121.803331,2014-06-20
1795.0,,,37.78458,-122.479684,2014-05-24
1249.0,1.0,,38.468156,-122.75979299999999,2014-05-16
4200.0,2.0,1087.0,37.795533,-122.41056,2014-07-09
,,,37.68163300000001,-122.47848400000001,2014-05-19
965.0,,,37.706798,-122.125151,2014-06-23
1400.0,1.0,800.0,38.228317,-122.643997,2014-06-27
5309.0,2.0,1376.0,37.776286999999996,-122.41718200000001,2014-05-16
2428.0,2.0,950.0,37.345779,-121.994606,2014-05-19
2035.0,2.0,1029.0,37.958783000000004,-122.05561599999999,2014-06-10
2295.0,,,37.794474,-122.425547,2014-05-26
1625.0,2.0,950.0,37.881524,-122.050673,2014-05-16
,2.0,,37.787149,-122.424302,2014-05-16
2395.0,1.0,693.0,37.582371,-122.33076299999999,2014-06-29
2895.0,2.0,960.0,37.31800000000001,-122.0449,2014-05-27
2390.0,2.0,825.0,37.32223,-121.99996999999999,2014-06-10
1795.0,,350.0,37.779674,-122.42354099999999,2014-06-01
3495.0,2.0,1136.0,37.346727,-122.03169399999999,2014-06-08
4900.0,1.0,1115.0,37.785874,-122.394201,2014-05-22
1325.0,,450.0,37.802927000000004,-122.26698,2014-06-12
800.0,1.0,110.0,37.245651,-121.83976299999999,2014-07-09
2850.0,2.0,1100.0,37.220084,-121.98232800000001,2014-07-09
4695.0,2.0,,37.761324,-122.38864,2014-06-15
1995.0,1.0,,37.3893,-122.0783,2014-06-17
2075.0,1.0,650.0,37.909465999999995,-122.06643100000001,2014-05-29
3474.0,,1022.0,37.764021,-122.39373,2014-06-12
2095.0,1.0,,37.781865,-122.41723300000001,2014-07-09
3498.0,2.0,1147.0,37.333841,-122.024571,2014-06-20
3499.0,1.0,700.0,37.782740999999994,-122.407859,2014-05-20
2400.0,3.0,,37.3042,-121.8099,2014-05-18
3195.0,2.0,1000.0,37.8843,-122.4637,2014-06-25
3350.0,3.0,1685.0,37.776583,-121.929928,2014-07-10
3050.0,1.0,640.0,37.78152,-122.43911399999999,2014-07-09
2145.0,1.0,767.0,37.370164,-122.05743999999999,2014-07-07
2150.0,,398.0,37.782063,-122.419832,2014-05-25
5800.0,1.0,1600.0,37.778639,-122.39368200000001,2014-05-28
2100.0,1.0,731.0,37.400469,-122.099069,2014-05-28
3850.0,4.0,2098.0,37.373082000000004,-121.88022099999999,2014-07-04
3300.0,3.0,1900.0,38.0985,-122.2124,2014-05-27
1989.0,1.0,660.0,37.282675,-121.935667,2014-05-16
1898.0,1.0,,37.354549,-122.00533600000001,2014-06-19
2515.0,2.0,662.0,37.86994,-122.28518000000001,2014-06-10
3200.0,2.0,,37.773284999999994,-122.412225,2014-05-13
2570.0,1.0,754.0,37.58647,-122.359378,2014-06-18
4495.0,4.0,2612.0,37.2602,-121.7709,2014-07-02
5900.0,4.0,,37.34986,-122.061904,2014-06-18
2095.0,,,37.787454,-122.41499499999999,2014-06-08
1650.0,2.0,860.0,37.894224,-122.077774,2014-06-24
2950.0,2.0,991.0,37.407097,-121.94661299999999,2014-07-02
1850.0,1.0,776.0,37.911853,-122.05928600000001,2014-06-24
2145.0,1.0,793.0,37.330737,-121.905198,2014-05-16
3598.0,2.0,1080.0,37.881347999999996,-122.46073999999999,2014-05-29
3600.0,2.0,1491.0,37.330206,-121.887548,2014-05-15
3058.0,1.0,747.0,37.320514,-122.023377,2014-06-13
2491.0,2.0,1104.0,37.386524,-121.889132,2014-06-22
2682.0,1.0,850.0,37.565287,-122.2684,2014-06-19
4710.0,3.0,1416.0,37.499393,-122.222085,2014-07-02
1595.0,3.0,1097.0,38.001021,-121.81368300000001,2014-06-14
5428.0,2.0,1135.0,37.3893,-122.0783,2014-07-09
1400.0,,425.0,37.869857,-122.27950600000001,2014-06-28
1695.0,3.0,1500.0,38.086917,-122.198955,2014-05-27
1395.0,1.0,,37.7937,-122.24322,2014-06-18
1645.0,2.0,900.0,37.902042,-122.05376299999999,2014-06-21
2075.0,2.0,1090.0,37.958766,-122.05576699999999,2014-05-21
1350.0,2.0,1036.0,38.275976,-122.01235700000001,2014-05-27
2300.0,1.0,861.0,37.317138,-121.908782,2014-05-31
2689.0,3.0,1750.0,37.547193,-122.009358,2014-06-07
1975.0,1.0,544.0,37.454774,-121.919614,2014-06-11
2650.0,1.0,1200.0,37.814327,-122.245195,2014-05-14
2000.0,3.0,,38.481935,-122.718776,2014-05-27
1295.0,2.0,800.0,38.1053,-122.2474,2014-05-29
3495.0,3.0,1968.0,37.264943,-121.946428,2014-05-17
1950.0,3.0,1350.0,38.637858,-122.868369,2014-05-18
2975.0,2.0,,37.446267,-122.182304,2014-06-11
1795.0,2.0,900.0,37.294342,-121.92008600000001,2014-06-18
3800.0,2.0,800.0,37.738929999999996,-122.41393799999999,2014-05-20
1035.0,2.0,790.0,37.999021,-121.83736699999999,2014-07-08
3400.0,2.0,1100.0,37.887996,-122.265902,2014-07-05
3020.0,3.0,950.0,37.542472,-122.28431100000002,2014-06-17
2795.0,2.0,1100.0,37.34202,-122.034675,2014-06-23
1495.0,1.0,,38.344587,-122.705905,2014-07-02
3200.0,3.0,1300.0,37.257261,-121.950552,2014-07-02
1799.0,2.0,880.0,37.976279999999996,-122.074873,2014-06-23
6700.0,2.0,1310.0,37.774514,-122.391429,2014-05-25
1989.0,2.0,,37.6658,-121.8755,2014-06-02
1395.0,1.0,650.0,37.694059,-122.070057,2014-06-19
1575.0,2.0,,38.4822,-122.7473,2014-05-26
2645.0,2.0,1020.0,37.555535,-122.261278,2014-05-13
2030.0,1.0,694.0,37.37778,-122.06236499999999,2014-06-09
2140.0,1.0,708.0,37.701329,-121.872367,2014-07-08
732.0,1.0,,38.007622,-122.28818000000001,2014-06-19
1695.0,1.0,554.0,37.894563,-122.064223,2014-07-02
2100.0,3.0,1789.0,37.947824,-121.714114,2014-06-01
3630.0,2.0,1059.0,37.368445,-122.034683,2014-07-09
2650.0,2.0,,37.777366,-122.457284,2014-06-16
4200.0,3.0,1600.0,37.327591999999996,-122.042876,2014-06-25
2900.0,2.0,1250.0,37.828626,-122.244879,2014-06-19
3120.0,1.0,733.0,37.48681,-122.23236299999999,2014-05-19
3650.0,4.0,2313.0,37.538265,-121.926227,2014-05-18
1710.0,1.0,736.0,38.2403,-122.6777,2014-07-01
2245.0,2.0,1128.0,37.285834,-121.935689,2014-06-09
3115.0,2.0,1187.0,37.346332000000004,-121.933623,2014-07-03
2800.0,4.0,,38.329095,-122.2989,2014-06-10
2200.0,1.0,800.0,37.027947999999995,-121.987372,2014-05-24
10000.0,3.0,,37.864046,-122.458441,2014-06-08
1000.0,2.0,,37.932524,-122.36878200000001,2014-06-19
1900.0,2.0,,37.824127000000004,-122.25808,2014-06-27
5950.0,4.0,3600.0,37.991398,-122.474624,2014-05-16
1550.0,2.0,,36.96705,-122.030973,2014-05-15
1625.0,2.0,900.0,37.902042,-122.05376299999999,2014-05-14
1804.0,,,37.332699,-122.03815,2014-05-21
2560.0,2.0,800.0,37.863826,-122.25428000000001,2014-06-11
1999.0,2.0,1242.0,38.480771999999995,-122.726662,2014-06-12
3585.0,2.0,1191.0,37.4087,-121.9406,2014-05-16
4995.0,2.0,,37.7999,-122.4342,2014-07-06
2450.0,2.0,1151.0,37.365934,-121.913026,2014-07-02
2450.0,2.0,825.0,37.8696,-122.2959,2014-07-09
2850.0,1.0,,37.774347999999996,-122.42583799999998,2014-06-02
1225.0,1.0,,37.93189,-122.07601299999999,2014-05-19
2800.0,2.0,1035.0,37.561146,-122.319825,2014-06-02
,1.0,710.0,37.276742999999996,-121.93256699999999,2014-05-22
3330.0,,,37.783516,-122.394166,2014-05-30
3099.0,2.0,,37.779476,-122.409516,2014-06-07
2000.0,2.0,,37.706385,-122.436393,2014-05-29
2800.0,2.0,1200.0,37.71214000000001,-122.44818400000001,2014-07-02
3270.0,2.0,1006.0,37.535304,-122.244272,2014-07-08
1695.0,2.0,,37.01586,-121.591429,2014-05-21
3395.0,3.0,,37.860116,-122.263327,2014-06-07
2158.0,1.0,725.0,37.324642,-121.968769,2014-05-28
2950.0,1.0,700.0,37.752485,-122.393619,2014-05-26
1795.0,1.0,,37.470437,-122.230977,2014-06-17
1800.0,2.0,,38.127966,-122.57481299999999,2014-06-10
3590.0,3.0,1500.0,37.863126,-122.28758,2014-05-16
3000.0,2.0,900.0,36.970098,-122.015523,2014-06-22
2425.0,1.0,789.0,37.844026,-122.29558,2014-06-24
2500.0,2.0,1070.0,37.315892,-121.950152,2014-05-31
4495.0,2.0,,37.801663,-122.422071,2014-06-09
1800.0,3.0,,38.007559,-121.79823999999999,2014-06-23
2400.0,2.0,840.0,37.797727,-122.25788,2014-07-01
4950.0,3.0,,37.2713,-122.0227,2014-05-28
1999.0,2.0,1242.0,38.480806,-122.72679099999999,2014-05-14
2650.0,2.0,1287.0,37.341503,-121.895628,2014-06-18
1895.0,,,37.784894,-122.44633300000001,2014-06-07
2395.0,2.0,955.0,37.353141,-121.95601699999999,2014-05-31
1125.0,2.0,,38.338446999999995,-121.970894,2014-05-14
1799.0,2.0,1030.0,37.994495,-122.10061,2014-05-27
4995.0,3.0,,37.73499,-122.41886299999999,2014-07-03
1785.0,2.0,885.0,37.70803400000001,-122.14132,2014-07-09
2965.0,2.0,1035.0,37.846071,-122.29291699999999,2014-06-30
2070.0,1.0,620.0,37.39024000000001,-121.99266999999999,2014-06-14
2025.0,1.0,710.0,37.56589500000001,-121.97546299999999,2014-06-13
1800.0,1.0,,37.866834000000004,-122.259351,2014-06-27
3746.0,1.0,900.0,37.3893,-122.0783,2014-06-30
1350.0,2.0,1036.0,38.275976,-122.01235700000001,2014-05-29
2200.0,1.0,,37.732199,-122.48715200000001,2014-05-16
1275.0,1.0,,38.468156,-122.75979299999999,2014-06-22
1575.0,,395.0,37.276742999999996,-121.95362800000001,2014-07-12
3250.0,1.0,,37.753344,-122.441528,2014-07-05
1988.0,1.0,723.0,37.710562,-121.910468,2014-07-12
1295.0,3.0,1100.0,38.0031,-121.9172,2014-06-17
2839.0,2.0,981.0,37.335770000000004,-122.035747,2014-05-28
1300.0,1.0,,37.7593,-122.4836,2014-06-22
1510.0,1.0,845.0,37.9658,-121.7758,2014-07-01
2590.0,1.0,466.0,37.78974,-122.412076,2014-06-11
