lat,lon,date,city,country
51.4812916,-0.4510112,05/14/2014 09:07,West Drayton,United Kingdom
51.474005,-0.4509991,05/14/2014 09:22,Hounslow,United Kingdom
51.4781991,-0.446081,05/14/2014 10:51,Hounslow,United Kingdom
51.4781991,-0.446081,05/14/2014 11:24,Hounslow,United Kingdom
51.4741456,-0.4515622,05/14/2014 11:38,Hounslow,United Kingdom
51.4801463,-0.4411027,05/14/2014 12:23,Hounslow,United Kingdom
51.479669,-0.4410238,05/14/2014 12:38,Hounslow,United Kingdom
38.7817746,-9.1375444,05/14/2014 15:11,Lisbon,Portugal
38.7744221,-9.1291947,05/14/2014 15:25,Lisbon,Portugal
38.771939,-9.1289106,05/14/2014 15:41,Lisbon,Portugal
38.7694328,-9.1244026,05/14/2014 15:55,Lisbon,Portugal
38.7429871,-9.1477802,05/14/2014 16:11,Lisbon,Portugal
38.7128158,-9.1398331,05/14/2014 16:25,Lisbon,Portugal
38.7110495,-9.1397388,05/14/2014 16:40,Lisbon,Portugal
38.7119242,-9.1374341,05/14/2014 16:55,Lisbon,Portugal
38.711283,-9.1387968,05/14/2014 17:25,Lisbon,Portugal
38.7071923,-9.1368245,05/14/2014 17:40,Lisbon,Portugal
38.7096234,-9.1306099,05/14/2014 18:10,Lisbon,Portugal
38.715637,-9.1205578,05/14/2014 18:25,Lisbon,Portugal
38.7143626,-9.1306584,05/14/2014 18:40,Lisbon,Portugal
38.7143734,-9.1345486,05/14/2014 18:55,Lisbon,Portugal
38.712536,-9.1331499,05/14/2014 19:10,Lisbon,Portugal
38.711977,-9.1417878,05/14/2014 19:26,Lisbon,Portugal
38.713834,-9.1344059,05/14/2014 19:40,Lisbon,Portugal
38.7124623,-9.1331557,05/14/2014 19:55,Lisbon,Portugal
38.7131813,-9.1353435,05/14/2014 20:40,Lisbon,Portugal
38.7127963,-9.1360143,05/14/2014 21:10,Lisbon,Portugal
38.7118122,-9.1372845,05/14/2014 21:25,Lisbon,Portugal
38.7117969,-9.1373177,05/14/2014 21:51,Lisbon,Portugal
38.7118745,-9.1373306,05/14/2014 22:05,Lisbon,Portugal
38.7119086,-9.1373452,05/14/2014 22:19,Lisbon,Portugal
38.7118862,-9.1373517,05/14/2014 22:35,Lisbon,Portugal
38.7118712,-9.1373178,05/14/2014 22:50,Lisbon,Portugal
38.7118761,-9.1373146,05/14/2014 23:05,Lisbon,Portugal
38.7118605,-9.137332,05/14/2014 23:20,Lisbon,Portugal
38.7118783,-9.1373423,05/14/2014 23:50,Lisbon,Portugal
38.7118881,-9.1373381,05/15/2014 00:20,Lisbon,Portugal
38.711888,-9.1373363,05/15/2014 00:50,Lisbon,Portugal
38.711864,-9.1373236,05/15/2014 01:20,Lisbon,Portugal
38.7118701,-9.1373246,05/15/2014 01:49,Lisbon,Portugal
38.7118691,-9.137326,05/15/2014 02:20,Lisbon,Portugal
38.7118984,-9.1373365,05/15/2014 02:49,Lisbon,Portugal
38.7119017,-9.1373634,05/15/2014 03:20,Lisbon,Portugal
38.7119172,-9.13736,05/15/2014 03:50,Lisbon,Portugal
38.711864,-9.1373269,05/15/2014 04:36,Lisbon,Portugal
38.7118984,-9.1373325,05/15/2014 05:05,Lisbon,Portugal
38.7118599,-9.1373306,05/15/2014 05:35,Lisbon,Portugal
38.7118624,-9.1373252,05/15/2014 06:05,Lisbon,Portugal
38.7119012,-9.1373462,05/15/2014 06:34,Lisbon,Portugal
38.7119,-9.1373414,05/15/2014 07:05,Lisbon,Portugal
38.7118419,-9.1373059,05/15/2014 07:35,Lisbon,Portugal
38.7118694,-9.1373598,05/15/2014 08:04,Lisbon,Portugal
38.7118745,-9.1372771,05/15/2014 08:35,Lisbon,Portugal
38.7118599,-9.1373605,05/15/2014 09:20,Lisbon,Portugal
38.7118716,-9.1373753,05/15/2014 09:35,Lisbon,Portugal
38.7118391,-9.1373052,05/15/2014 09:50,Lisbon,Portugal
38.7142832,-9.1397267,05/15/2014 10:05,Lisbon,Portugal
38.7140707,-9.1220166,05/15/2014 10:20,Lisbon,Portugal
38.7236556,-9.1152921,05/15/2014 10:35,Lisbon,Portugal
38.7249729,-9.1149007,05/15/2014 10:50,Lisbon,Portugal
38.7252194,-9.1149853,05/15/2014 11:05,Lisbon,Portugal
38.7231075,-9.1133736,05/15/2014 11:34,Lisbon,Portugal
38.7139855,-9.1220591,05/15/2014 11:50,Lisbon,Portugal
38.7068412,-9.1457495,05/15/2014 12:06,Lisbon,Portugal
38.6971879,-9.2017238,05/15/2014 12:21,Lisbon,Portugal
38.6979292,-9.2058096,05/15/2014 13:06,Lisbon,Portugal
38.6944173,-9.2046919,05/15/2014 13:23,Lisbon,Portugal
38.7002392,-9.2047133,05/15/2014 13:36,Lisbon,Portugal
38.6991942,-9.2050357,05/15/2014 13:50,Lisbon,Portugal
38.6979296,-9.2058097,05/15/2014 14:05,Lisbon,Portugal
38.6937796,-9.2063634,05/15/2014 14:19,Lisbon,Portugal
38.6934236,-9.2118988,05/15/2014 14:36,Lisbon,Portugal
38.6919442,-9.2155605,05/15/2014 14:50,Lisbon,Portugal
38.6933087,-9.2153549,05/15/2014 15:05,Lisbon,Portugal
38.6920878,-9.2152758,05/15/2014 15:19,Lisbon,Portugal
38.694591,-9.2044774,05/15/2014 15:35,Lisbon,Portugal
38.7025124,-9.1805038,05/15/2014 15:50,Lisbon,Portugal
38.7063452,-9.1485781,05/15/2014 16:05,Lisbon,Portugal
38.7099732,-9.1365704,05/15/2014 16:19,Lisbon,Portugal
38.7084192,-9.1363223,05/15/2014 16:36,Lisbon,Portugal
38.7084872,-9.1360221,05/15/2014 16:49,Lisbon,Portugal
38.7084677,-9.1362298,05/15/2014 18:20,Lisbon,Portugal
38.7121451,-9.1375105,05/15/2014 18:50,Lisbon,Portugal
38.713462,-9.139126,05/15/2014 19:05,Lisbon,Portugal
38.7119022,-9.1373228,05/15/2014 19:34,Lisbon,Portugal
38.7118754,-9.1373319,05/15/2014 19:48,Lisbon,Portugal
38.7118706,-9.1373373,05/15/2014 20:03,Lisbon,Portugal
38.7118818,-9.1372978,05/15/2014 20:32,Lisbon,Portugal
38.7118558,-9.1373144,05/15/2014 20:48,Lisbon,Portugal
38.7126314,-9.1376557,05/15/2014 21:03,Lisbon,Portugal
38.7118513,-9.1373304,05/15/2014 21:18,Lisbon,Portugal
38.7114257,-9.1375604,05/15/2014 21:33,Lisbon,Portugal
38.7114167,-9.1375443,05/15/2014 21:47,Lisbon,Portugal
38.7119557,-9.137407,05/15/2014 22:17,Lisbon,Portugal
38.7118752,-9.1373039,05/15/2014 22:48,Lisbon,Portugal
38.7118807,-9.1373706,05/15/2014 23:18,Lisbon,Portugal
38.7118811,-9.1373132,05/15/2014 23:48,Lisbon,Portugal
38.7118682,-9.1372822,05/16/2014 00:18,Lisbon,Portugal
38.7118545,-9.1373102,05/16/2014 00:48,Lisbon,Portugal
38.7118458,-9.1372971,05/16/2014 01:18,Lisbon,Portugal
38.7118342,-9.1372666,05/16/2014 01:48,Lisbon,Portugal
38.7118744,-9.1373369,05/16/2014 02:03,Lisbon,Portugal
38.7118606,-9.1372976,05/16/2014 02:18,Lisbon,Portugal
38.7118913,-9.1373243,05/16/2014 02:48,Lisbon,Portugal
38.7118912,-9.1373147,05/16/2014 03:18,Lisbon,Portugal
38.7118725,-9.1373298,05/16/2014 03:48,Lisbon,Portugal
38.7118619,-9.1373299,05/16/2014 04:18,Lisbon,Portugal
38.7118797,-9.1373259,05/16/2014 04:32,Lisbon,Portugal
38.7118651,-9.1373191,05/16/2014 05:03,Lisbon,Portugal
38.7118551,-9.1373139,05/16/2014 05:33,Lisbon,Portugal
38.7118624,-9.1373238,05/16/2014 06:02,Lisbon,Portugal
38.7118485,-9.1373063,05/16/2014 06:32,Lisbon,Portugal
38.7118506,-9.1372903,05/16/2014 07:03,Lisbon,Portugal
38.7118232,-9.1372686,05/16/2014 07:33,Lisbon,Portugal
38.7118682,-9.1373055,05/16/2014 08:03,Lisbon,Portugal
38.711842,-9.137305,05/16/2014 08:33,Lisbon,Portugal
38.7119013,-9.1373779,05/16/2014 08:59,Lisbon,Portugal
38.7135442,-9.13725,05/16/2014 09:13,Lisbon,Portugal
38.7147339,-9.1407012,05/16/2014 09:28,Lisbon,Portugal
38.7147241,-9.1408753,05/16/2014 10:13,Lisbon,Portugal
38.7309823,-9.1690712,05/16/2014 10:28,Lisbon,Portugal
38.7616021,-9.2450257,05/16/2014 10:43,Amadora,Portugal
38.7975582,-9.3409997,05/16/2014 10:58,Algueirão-Mem Martins,Portugal
38.799727,-9.3852125,05/16/2014 11:13,Sintra,Portugal
38.7969485,-9.3907658,05/16/2014 11:28,Sintra,Portugal
38.7893195,-9.3923114,05/16/2014 12:43,Sintra,Portugal
38.787489,-9.3905445,05/16/2014 13:28,Sintra,Portugal
38.8011712,-9.4251031,05/16/2014 13:43,Sintra,Portugal
38.7874886,-9.3905446,05/16/2014 14:43,Sintra,Portugal
38.793071,-9.2858255,05/16/2014 15:13,Sintra,Portugal
38.8014593,-9.3717872,05/16/2014 15:43,Sintra,Portugal
38.8054581,-9.3619194,05/16/2014 15:58,Lisbon,Portugal
38.8166107,-9.4084998,05/16/2014 16:13,Sintra,Portugal
38.7882049,-9.3880175,05/16/2014 16:28,Sintra,Portugal
38.7995682,-9.3854593,05/16/2014 16:43,Sintra,Portugal
38.797314,-9.3879207,05/16/2014 16:58,Sintra,Portugal
38.7686867,-9.2999259,05/16/2014 17:13,Lisbon,Portugal
38.7472838,-9.2138388,05/16/2014 17:28,Damaia,Portugal
38.7147515,-9.1406741,05/16/2014 17:43,Lisbon,Portugal
38.7139452,-9.1393509,05/16/2014 17:58,Lisbon,Portugal
38.7119087,-9.1373871,05/16/2014 18:13,Lisbon,Portugal
38.7118918,-9.1373346,05/16/2014 18:55,Lisbon,Portugal
38.7118537,-9.1372891,05/16/2014 19:09,Lisbon,Portugal
38.7119,-9.1373436,05/16/2014 19:24,Lisbon,Portugal
38.7118534,-9.137313,05/16/2014 19:54,Lisbon,Portugal
38.7120262,-9.1391325,05/16/2014 20:09,Lisbon,Portugal
38.7119202,-9.1390682,05/16/2014 20:24,Lisbon,Portugal
38.7134531,-9.140998,05/16/2014 20:39,Lisbon,Portugal
38.7135781,-9.1416879,05/16/2014 21:09,Lisbon,Portugal
38.7135533,-9.1417099,05/16/2014 22:09,Lisbon,Portugal
38.7106644,-9.1426067,05/16/2014 22:39,Lisbon,Portugal
38.7109381,-9.1398407,05/16/2014 23:09,Lisbon,Portugal
38.7110242,-9.1373975,05/16/2014 23:24,Lisbon,Portugal
38.7118297,-9.1372975,05/16/2014 23:39,Lisbon,Portugal
38.7118239,-9.1373075,05/17/2014 00:09,Lisbon,Portugal
38.7118327,-9.1373168,05/17/2014 00:39,Lisbon,Portugal
38.7118219,-9.137277,05/17/2014 01:09,Lisbon,Portugal
38.7118229,-9.137273,05/17/2014 01:39,Lisbon,Portugal
38.711828,-9.1372794,05/17/2014 01:54,Lisbon,Portugal
38.7118594,-9.1373493,05/17/2014 02:09,Lisbon,Portugal
38.7118657,-9.137368,05/17/2014 02:24,Lisbon,Portugal
38.7117906,-9.1372713,05/17/2014 02:54,Lisbon,Portugal
38.7118342,-9.1373073,05/17/2014 03:24,Lisbon,Portugal
38.7118746,-9.1373033,05/17/2014 03:54,Lisbon,Portugal
38.7118216,-9.1372386,05/17/2014 04:24,Lisbon,Portugal
38.7118547,-9.1373673,05/17/2014 04:54,Lisbon,Portugal
38.7118518,-9.1372974,05/17/2014 05:24,Lisbon,Portugal
38.7117759,-9.1372729,05/17/2014 05:54,Lisbon,Portugal
38.7118216,-9.1372482,05/17/2014 06:24,Lisbon,Portugal
38.7118034,-9.1372351,05/17/2014 06:54,Lisbon,Portugal
38.7118169,-9.1372548,05/17/2014 07:24,Lisbon,Portugal
38.7117997,-9.1372612,05/17/2014 07:54,Lisbon,Portugal
38.7123248,-9.137434,05/17/2014 08:09,Lisbon,Portugal
38.7118349,-9.1372568,05/17/2014 08:24,Lisbon,Portugal
38.7117946,-9.1373179,05/17/2014 08:54,Lisbon,Portugal
38.7120571,-9.1411578,05/17/2014 09:09,Lisbon,Portugal
38.7420176,-9.1693804,05/17/2014 09:24,Lisbon,Portugal
38.7417655,-9.1656939,05/17/2014 09:39,Lisbon,Portugal
38.741758,-9.1657132,05/17/2014 09:54,Lisbon,Portugal
38.7417875,-9.1656878,05/17/2014 10:09,Lisbon,Portugal
39.1183833,-8.9137378,05/17/2014 11:12,Azambuja,Portugal
39.2728757,-8.7121869,05/17/2014 11:27,Santarém,Portugal
39.476522,-8.6343453,05/17/2014 11:42,Zibreira,Portugal
39.6307531,-8.6811772,05/17/2014 11:58,Ourém Municipality,Portugal
39.6287723,-8.695136,05/17/2014 12:12,São Mamede,Portugal
39.8410858,-8.718608,05/17/2014 12:28,Leiria District,Portugal
40.0204289,-8.5944898,05/17/2014 12:43,Leiria District,Portugal
40.2108693,-8.4813831,05/17/2014 12:58,Coimbra Municipality,Portugal
40.6091112,-8.5448192,05/17/2014 13:28,Aveiro District,Portugal
40.8665418,-8.5589924,05/17/2014 13:42,Aveiro District,Portugal
41.0621474,-8.5758203,05/17/2014 13:58,Vila Nova de Gaia,Portugal
41.1452665,-8.610441,05/17/2014 15:13,Porto,Portugal
41.1452814,-8.610412,05/17/2014 15:28,Porto,Portugal
41.1452681,-8.6103972,05/17/2014 15:42,Porto,Portugal
41.1490255,-8.6101426,05/17/2014 15:58,Porto,Portugal
41.1435023,-8.6101014,05/17/2014 16:12,Porto,Portugal
41.1384074,-8.6091067,05/17/2014 16:28,Vila Nova de Gaia Municipality,Portugal
41.1365312,-8.6112967,05/17/2014 16:42,Vila Nova de Gaia Municipality,Portugal
41.137714,-8.6133715,05/17/2014 17:27,Vila Nova de Gaia Municipality,Portugal
41.138666,-8.6156996,05/17/2014 17:42,Porto,Portugal
41.1383155,-8.6138142,05/17/2014 18:43,Vila Nova de Gaia Municipality,Portugal
41.1385952,-8.6152999,05/17/2014 18:58,Vila Nova de Gaia Municipality,Portugal
41.1407855,-8.6105422,05/17/2014 19:12,Porto,Portugal
41.144111,-8.6103824,05/17/2014 19:27,Porto,Portugal
41.1452207,-8.6103923,05/17/2014 19:43,Porto,Portugal
41.1452693,-8.6103998,05/17/2014 19:58,Porto,Portugal
41.1452665,-8.610441,05/17/2014 20:13,Porto,Portugal
41.1453039,-8.6104046,05/17/2014 20:28,Porto,Portugal
41.1452847,-8.6104046,05/17/2014 20:43,Porto,Portugal
41.1451244,-8.6103765,05/17/2014 20:57,Porto,Portugal
41.1451871,-8.6103879,05/17/2014 21:12,Porto,Portugal
41.1452062,-8.6103928,05/17/2014 21:42,Porto,Portugal
41.1453191,-8.6104181,05/17/2014 22:12,Porto,Portugal
41.1451443,-8.6103827,05/17/2014 22:42,Porto,Portugal
41.1452832,-8.610411,05/17/2014 22:58,Porto,Portugal
41.1451994,-8.6104004,05/17/2014 23:12,Porto,Portugal
41.1451577,-8.610407,05/17/2014 23:43,Porto,Portugal
41.1452767,-8.6104193,05/17/2014 23:58,Porto,Portugal
41.1452553,-8.6103687,05/18/2014 00:28,Porto,Portugal
41.1451892,-8.6103647,05/18/2014 00:58,Porto,Portugal
41.1452398,-8.6103903,05/18/2014 01:28,Porto,Portugal
41.1451999,-8.6103701,05/18/2014 01:58,Porto,Portugal
41.1452398,-8.6103903,05/18/2014 02:12,Porto,Portugal
41.1452899,-8.6104237,05/18/2014 02:27,Porto,Portugal
41.1452019,-8.6104037,05/18/2014 03:28,Porto,Portugal
41.1452902,-8.6104127,05/18/2014 03:58,Porto,Portugal
41.1451028,-8.6103863,05/18/2014 05:12,Porto,Portugal
41.1452779,-8.6103951,05/18/2014 05:42,Porto,Portugal
41.1451252,-8.6103913,05/18/2014 06:13,Porto,Portugal
41.145233,-8.6103589,05/18/2014 06:43,Porto,Portugal
41.1459052,-8.6107664,05/18/2014 06:58,Porto,Portugal
41.1453112,-8.6104084,05/18/2014 07:12,Porto,Portugal
41.1453312,-8.6105021,05/18/2014 07:27,Porto,Portugal
41.1452405,-8.6104902,05/18/2014 07:42,Porto,Portugal
41.1452839,-8.6104007,05/18/2014 07:57,Porto,Portugal
41.1452259,-8.6104118,05/18/2014 08:13,Porto,Portugal
41.1452014,-8.6104695,05/18/2014 08:43,Porto,Portugal
41.1451101,-8.6103534,05/18/2014 09:12,Porto,Portugal
41.1451213,-8.6103766,05/18/2014 09:42,Porto,Portugal
41.1452763,-8.6104014,05/18/2014 09:57,Porto,Portugal
41.1452766,-8.610408,05/18/2014 10:27,Porto,Portugal
41.1458776,-8.6148362,05/18/2014 11:12,Porto,Portugal
41.1426424,-8.616917,05/18/2014 11:42,Porto,Portugal
41.1403703,-8.6100678,05/18/2014 12:12,Porto District,Portugal
41.1405684,-8.6140277,05/18/2014 12:58,Porto,Portugal
41.1372534,-8.6164138,05/18/2014 13:27,Vila Nova de Gaia Municipality,Portugal
41.1422426,-8.6211775,05/18/2014 13:57,Porto,Portugal
41.1372093,-8.6197198,05/18/2014 14:28,Vila Nova de Gaia Municipality,Portugal
41.1369146,-8.6202187,05/18/2014 14:57,Vila Nova de Gaia Municipality,Portugal
41.1435548,-8.613069,05/18/2014 15:13,Porto,Portugal
41.1400816,-8.6152177,05/18/2014 15:42,Porto,Portugal
41.1416982,-8.6064163,05/18/2014 15:57,Porto,Portugal
41.1373274,-8.6163514,05/18/2014 16:12,Vila Nova de Gaia Municipality,Portugal
41.144387,-8.6118955,05/18/2014 16:58,Porto,Portugal
41.1451646,-8.6108553,05/18/2014 17:12,Porto,Portugal
41.1448505,-8.6105405,05/18/2014 17:42,Porto,Portugal
41.1452173,-8.6105157,05/18/2014 17:55,Porto,Portugal
41.1520349,-8.6100353,05/18/2014 18:10,Porto,Portugal
41.1615277,-8.6308978,05/18/2014 18:40,Porto,Portugal
41.237025,-8.6656845,05/18/2014 18:55,Maia Municipality,Portugal
41.2364461,-8.6711649,05/18/2014 19:25,Matosinhos,Portugal
41.2372053,-8.6721733,05/18/2014 19:55,Maia,Portugal
41.2358797,-8.6716752,05/18/2014 20:10,Matosinhos,Portugal
41.3039111,2.1059314,05/18/2014 22:35,El Prat de Llobregat,Spain
41.2927229,2.0755827,05/18/2014 22:49,Viladecans,Spain
41.289946,2.0645899,05/18/2014 23:04,Viladecans,Spain
41.2941432,2.0731769,05/18/2014 23:20,Viladecans,Spain
41.3201247,2.090935,05/18/2014 23:34,El Prat de Llobregat,Spain
41.3771195,2.1516324,05/19/2014 00:04,Barcelona,Spain
41.3771385,2.1510933,05/19/2014 01:34,Barcelona,Spain
41.3770661,2.1512022,05/19/2014 02:03,Barcelona,Spain
41.3770723,2.1512061,05/19/2014 02:48,Barcelona,Spain
41.3770438,2.1512276,05/19/2014 05:48,Barcelona,Spain
41.3770794,2.1512247,05/19/2014 06:03,Barcelona,Spain
41.3779885,2.152919,05/19/2014 08:33,Barcelona,Spain
41.3760035,2.1491465,05/19/2014 09:48,Barcelona,Spain
41.3662181,2.1537009,05/19/2014 10:33,Barcelona,Spain
41.3721418,2.1509384,05/19/2014 10:48,Barcelona,Spain
41.3786831,2.152787,05/19/2014 11:03,Barcelona,Spain
41.3771314,2.1511083,05/19/2014 11:18,Barcelona,Spain
41.3771701,2.1507965,05/19/2014 11:48,Barcelona,Spain
41.3771623,2.1510834,05/19/2014 12:48,Barcelona,Spain
41.3770884,2.1507629,05/19/2014 14:33,Barcelona,Spain
41.3770935,2.1507655,05/19/2014 14:48,Barcelona,Spain
41.3770975,2.1511463,05/19/2014 16:18,Barcelona,Spain
41.3805504,2.1538854,05/19/2014 17:03,Barcelona,Spain
41.3806322,2.152509,05/19/2014 17:18,Barcelona,Spain
41.3771433,2.1510132,05/19/2014 17:48,Barcelona,Spain
41.3770732,2.1514639,05/19/2014 18:03,Barcelona,Spain
41.3809076,2.154365,05/19/2014 18:33,Barcelona,Spain
41.3883249,2.1596929,05/19/2014 18:48,Barcelona,Spain
41.3804476,2.1739578,05/19/2014 19:03,Barcelona,Spain
41.3846963,2.1867123,05/19/2014 19:18,Barcelona,Spain
41.3813242,2.1727949,05/19/2014 19:33,Barcelona,Spain
41.3786362,2.1757599,05/19/2014 19:48,Barcelona,Spain
41.3786351,2.1757965,05/19/2014 21:18,Barcelona,Spain
41.3814296,2.1802422,05/19/2014 21:33,Barcelona,Spain
41.3814159,2.1802462,05/19/2014 21:48,Barcelona,Spain
41.3893829,2.1708651,05/19/2014 22:03,Barcelona,Spain
41.3770763,2.1512071,05/19/2014 22:18,Barcelona,Spain
41.3770911,2.1511755,05/20/2014 03:18,Barcelona,Spain
41.3770723,2.1511749,05/20/2014 05:48,Barcelona,Spain
41.3770897,2.1512032,05/20/2014 06:03,Barcelona,Spain
41.3770797,2.1511882,05/20/2014 07:48,Barcelona,Spain
41.3771148,2.1507485,05/20/2014 08:03,Barcelona,Spain
41.3771225,2.1507589,05/20/2014 08:18,Barcelona,Spain
41.3770799,2.1507574,05/20/2014 08:48,Barcelona,Spain
41.3771047,2.1507393,05/20/2014 09:18,Barcelona,Spain
41.3770928,2.1507845,05/20/2014 09:33,Barcelona,Spain
41.3770749,2.1507436,05/20/2014 10:03,Barcelona,Spain
41.3771613,2.150862,05/20/2014 10:33,Barcelona,Spain
41.3797817,2.1579662,05/20/2014 10:48,Barcelona,Spain
41.3801641,2.1559188,05/20/2014 11:03,Barcelona,Spain
41.3771119,2.1510608,05/20/2014 11:18,Barcelona,Spain
41.3758486,2.1493109,05/20/2014 11:33,Barcelona,Spain
41.3880427,2.1114748,05/20/2014 12:03,Barcelona,Spain
41.3887061,2.1124853,05/20/2014 12:18,Barcelona,Spain
41.3894133,2.1132551,05/20/2014 14:33,Barcelona,Spain
41.3870807,2.1122173,05/20/2014 14:48,Barcelona,Spain
41.3870767,2.1122316,05/20/2014 15:03,Barcelona,Spain
41.3893617,2.1155753,05/20/2014 15:44,Barcelona,Spain
41.3856393,2.1128883,05/20/2014 15:57,Barcelona,Spain
41.3790408,2.142772,05/20/2014 16:14,Barcelona,Spain
41.3752883,2.1500491,05/20/2014 16:28,Barcelona,Spain
41.3754151,2.150232,05/20/2014 16:32,Barcelona,Spain
41.3770715,2.1513833,05/20/2014 16:46,Barcelona,Spain
41.377098,2.1512086,05/20/2014 17:47,Barcelona,Spain
41.3804297,2.1472661,05/20/2014 18:01,Barcelona,Spain
41.3811476,2.1457452,05/20/2014 18:16,Barcelona,Spain
41.3813223,2.1531112,05/20/2014 18:32,Barcelona,Spain
41.3801372,2.1521937,05/20/2014 18:46,Barcelona,Spain
41.3770895,2.1509105,05/20/2014 19:02,Barcelona,Spain
41.377088,2.1507327,05/20/2014 20:46,Barcelona,Spain
41.3771022,2.1507197,05/20/2014 21:02,Barcelona,Spain
41.3770837,2.1507237,05/20/2014 22:01,Barcelona,Spain
41.3770997,2.150746,05/20/2014 23:32,Barcelona,Spain
41.3771288,2.1511797,05/21/2014 03:02,Barcelona,Spain
41.3770761,2.1512058,05/21/2014 11:02,Barcelona,Spain
41.3761683,2.1505352,05/21/2014 11:32,Barcelona,Spain
41.3877239,2.1821679,05/21/2014 11:47,Barcelona,Spain
41.3861742,2.178146,05/21/2014 12:01,Barcelona,Spain
41.3835227,2.1818196,05/21/2014 13:46,Barcelona,Spain
41.3826482,2.1830837,05/21/2014 14:17,Barcelona,Spain
41.3860045,2.1830188,05/21/2014 14:31,Barcelona,Spain
41.3894837,2.1881876,05/21/2014 14:46,Barcelona,Spain
41.3892687,2.1835529,05/21/2014 15:01,Barcelona,Spain
41.3871622,2.1700956,05/21/2014 15:41,Barcelona,Spain
41.3839198,2.1609378,05/21/2014 15:55,Barcelona,Spain
41.3772001,2.1509524,05/21/2014 16:10,Barcelona,Spain
41.3751794,2.1496514,05/21/2014 16:40,Barcelona,Spain
41.3751794,2.1496514,05/21/2014 16:55,Barcelona,Spain
41.3784244,2.1559161,05/21/2014 17:10,Barcelona,Spain
41.3770722,2.1516574,05/21/2014 17:25,Barcelona,Spain
41.377161,2.1511567,05/21/2014 17:53,Barcelona,Spain
41.3770767,2.1512219,05/21/2014 18:07,Barcelona,Spain
41.3796558,2.1746671,05/21/2014 18:52,Barcelona,Spain
41.3857346,2.1763771,05/21/2014 19:07,Barcelona,Spain
41.3864853,2.1754263,05/21/2014 19:22,Barcelona,Spain
41.386691,2.1751994,05/21/2014 22:22,Barcelona,Spain
41.3832366,2.1599276,05/21/2014 23:07,Barcelona,Spain
41.3770592,2.1511997,05/21/2014 23:22,Barcelona,Spain
41.3770965,2.1512288,05/22/2014 03:52,Barcelona,Spain
41.3804992,2.1539174,05/22/2014 07:37,Barcelona,Spain
41.3799226,2.1524709,05/22/2014 07:52,Barcelona,Spain
41.377072,2.1512284,05/22/2014 08:07,Barcelona,Spain
41.377075,2.1512259,05/22/2014 08:37,Barcelona,Spain
41.3714486,2.1422407,05/22/2014 11:22,Barcelona,Spain
41.3826705,2.1634567,05/22/2014 11:52,Barcelona,Spain
41.3826833,2.1634472,05/22/2014 12:07,Barcelona,Spain
41.3826926,2.1633617,05/22/2014 12:22,Barcelona,Spain
41.3826618,2.1634368,05/22/2014 12:37,Barcelona,Spain
41.3826456,2.1634468,05/22/2014 12:52,Barcelona,Spain
41.3826657,2.1634832,05/22/2014 13:07,Barcelona,Spain
41.3826699,2.1634701,05/22/2014 13:22,Barcelona,Spain
41.3826673,2.163451,05/22/2014 13:37,Barcelona,Spain
41.3825772,2.1644284,05/22/2014 13:52,Barcelona,Spain
41.3779089,2.1703524,05/22/2014 15:07,Barcelona,Spain
41.375782,2.168334,05/22/2014 15:37,Barcelona,Spain
41.3751433,2.1559962,05/22/2014 15:52,Barcelona,Spain
41.377091,2.1511839,05/22/2014 16:07,Barcelona,Spain
41.377083,2.1512259,05/22/2014 16:52,Barcelona,Spain
41.377071,2.1512066,05/22/2014 17:07,Barcelona,Spain
41.3770696,2.1512116,05/22/2014 18:37,Barcelona,Spain
41.3770882,2.1511935,05/23/2014 03:07,Barcelona,Spain
41.3770841,2.1511981,05/23/2014 03:37,Barcelona,Spain
41.3770878,2.1511811,05/23/2014 05:07,Barcelona,Spain
41.3770934,2.1511873,05/23/2014 06:22,Barcelona,Spain
41.377069,2.1511985,05/23/2014 06:37,Barcelona,Spain
41.3771109,2.1507641,05/23/2014 08:22,Barcelona,Spain
41.3771011,2.1507651,05/23/2014 08:37,Barcelona,Spain
41.3771088,2.1507453,05/23/2014 08:52,Barcelona,Spain
41.3770901,2.1511801,05/23/2014 10:44,Barcelona,Spain
41.377101,2.151001,05/23/2014 10:58,Barcelona,Spain
41.3832116,2.1599064,05/23/2014 11:13,Barcelona,Spain
41.3898505,2.168136,05/23/2014 11:28,Barcelona,Spain
41.3916386,2.1649189,05/23/2014 11:43,Barcelona,Spain
41.391525,2.1647144,05/23/2014 12:14,Barcelona,Spain
41.391535,2.1647768,05/23/2014 12:28,Barcelona,Spain
41.3918367,2.1650102,05/23/2014 12:43,Barcelona,Spain
41.3887823,2.1666498,05/23/2014 12:58,Barcelona,Spain
41.3920343,2.1615202,05/23/2014 14:43,Barcelona,Spain
41.394984,2.1579856,05/23/2014 15:13,Barcelona,Spain
41.3911957,2.1566475,05/23/2014 15:43,Barcelona,Spain
41.3913106,2.1530533,05/23/2014 15:58,Barcelona,Spain
41.3925822,2.1491597,05/23/2014 16:13,Barcelona,Spain
41.3809262,2.1371983,05/23/2014 16:28,Barcelona,Spain
41.3760052,2.1501197,05/23/2014 16:43,Barcelona,Spain
41.3770958,2.1511973,05/23/2014 16:58,Barcelona,Spain
41.377128,2.1508054,05/23/2014 17:13,Barcelona,Spain
41.3771198,2.1508764,05/23/2014 17:24,Barcelona,Spain
41.3770812,2.1512316,05/23/2014 17:38,Barcelona,Spain
41.3770451,2.151607,05/23/2014 18:38,Barcelona,Spain
41.3762033,2.1500443,05/23/2014 19:08,Barcelona,Spain
41.3770627,2.1512179,05/23/2014 19:38,Barcelona,Spain
41.377112,2.1509763,05/23/2014 22:52,Barcelona,Spain
41.3759403,2.153035,05/23/2014 23:08,Barcelona,Spain
41.3749666,2.1695981,05/23/2014 23:23,Barcelona,Spain
41.3744729,2.1695484,05/24/2014 01:37,Barcelona,Spain
41.3770904,2.151214,05/24/2014 03:08,Barcelona,Spain
41.3771161,2.1511545,05/24/2014 12:38,Barcelona,Spain
41.377911,2.1483206,05/24/2014 13:38,Barcelona,Spain
41.371348,2.141818,05/24/2014 13:53,Barcelona,Spain
41.3920588,2.1807558,05/24/2014 14:08,Barcelona,Spain
41.3907591,2.187896,05/24/2014 14:23,Barcelona,Spain
41.3895508,2.1839762,05/24/2014 14:53,Barcelona,Spain
41.3715467,2.1820937,05/24/2014 15:07,Barcelona,Spain
41.3907135,2.1868653,05/24/2014 15:38,Barcelona,Spain
41.3945166,2.1775313,05/24/2014 15:52,Barcelona,Spain
41.3894962,2.1839927,05/24/2014 16:07,Barcelona,Spain
41.3836096,2.1817957,05/24/2014 16:37,Barcelona,Spain
41.3835285,2.1814884,05/24/2014 17:07,Barcelona,Spain
41.3882113,2.1796468,05/24/2014 18:38,Barcelona,Spain
41.3810823,2.1562302,05/24/2014 18:52,Barcelona,Spain
41.377115,2.1511681,05/24/2014 19:08,Barcelona,Spain
41.3770617,2.1512395,05/24/2014 22:53,Barcelona,Spain
41.3770838,2.1512513,05/25/2014 06:37,Barcelona,Spain
41.3771329,2.1511516,05/25/2014 09:23,Barcelona,Spain
41.3788141,2.149169,05/25/2014 11:37,Barcelona,Spain
41.3798904,2.1462336,05/25/2014 11:53,Barcelona,Spain
41.3838321,2.1425543,05/25/2014 12:08,Barcelona,Spain
41.3836794,2.1425269,05/25/2014 12:37,Barcelona,Spain
41.383431,2.1392819,05/25/2014 12:53,Barcelona,Spain
41.3839872,2.1397351,05/25/2014 13:07,Barcelona,Spain
41.3840617,2.1395465,05/25/2014 13:52,Barcelona,Spain
41.3822415,2.1358893,05/25/2014 14:07,Barcelona,Spain
41.3801858,2.1429751,05/25/2014 14:23,Barcelona,Spain
41.3803926,2.1421984,05/25/2014 14:37,Barcelona,Spain
41.3779139,2.1460174,05/25/2014 15:07,Barcelona,Spain
41.3823185,2.1469374,05/25/2014 15:23,Barcelona,Spain
41.3828458,2.1502135,05/25/2014 15:37,Barcelona,Spain
41.3787107,2.1457325,05/25/2014 15:53,Barcelona,Spain
41.3787508,2.1458705,05/25/2014 16:53,Barcelona,Spain
41.3787445,2.1458694,05/25/2014 18:23,Barcelona,Spain
41.3787487,2.1458615,05/25/2014 22:53,Barcelona,Spain
41.3787311,2.1457751,05/25/2014 23:08,Barcelona,Spain
41.3880376,2.1113862,05/26/2014 08:07,Barcelona,Spain
41.3879946,2.1111163,05/26/2014 08:23,Barcelona,Spain
41.3847765,2.1104196,05/26/2014 09:23,Barcelona,Spain
41.3781556,2.1824349,05/26/2014 09:52,Barcelona,Spain
41.3793877,2.1872169,05/26/2014 10:08,Barcelona,Spain
41.3753468,2.1887455,05/26/2014 10:22,Barcelona,Spain
41.3754907,2.1887724,05/26/2014 12:07,Barcelona,Spain
41.3741429,2.1887312,05/26/2014 12:22,Barcelona,Spain
41.3741196,2.1887182,05/26/2014 12:37,Barcelona,Spain
41.3741381,2.188759,05/26/2014 12:52,Barcelona,Spain
41.3743041,2.1889731,05/26/2014 13:08,Barcelona,Spain
41.3743191,2.1892515,05/26/2014 13:38,Barcelona,Spain
41.378224,2.1880213,05/26/2014 13:53,Barcelona,Spain
41.3785324,2.1800437,05/26/2014 14:08,Barcelona,Spain
41.3753308,2.1500262,05/26/2014 14:23,Barcelona,Spain
41.3782461,2.1470549,05/26/2014 14:38,Barcelona,Spain
41.3787708,2.1458582,05/26/2014 15:03,Barcelona,Spain
41.378735,2.1458606,05/26/2014 16:02,Barcelona,Spain
41.3787608,2.1459235,05/26/2014 16:17,Barcelona,Spain
41.3807453,2.148607,05/26/2014 16:37,Barcelona,Spain
41.381275,2.1484611,05/26/2014 16:51,Barcelona,Spain
41.3787647,2.1458441,05/26/2014 17:06,Barcelona,Spain
41.378739,2.1457948,05/26/2014 17:51,Barcelona,Spain
41.3802283,2.1492617,05/26/2014 18:21,Barcelona,Spain
41.3787705,2.1458991,05/26/2014 19:11,Barcelona,Spain
41.3787275,2.1458169,05/26/2014 19:25,Barcelona,Spain
41.3787171,2.1458174,05/26/2014 22:10,Barcelona,Spain
41.3787212,2.145825,05/27/2014 02:40,Barcelona,Spain
41.3787598,2.1458302,05/27/2014 02:55,Barcelona,Spain
41.3787458,2.1458597,05/27/2014 03:10,Barcelona,Spain
41.3787393,2.145817,05/27/2014 04:55,Barcelona,Spain
41.3787286,2.1458172,05/27/2014 08:25,Barcelona,Spain
41.3787418,2.1458464,05/27/2014 09:10,Barcelona,Spain
41.3838129,2.1291321,05/27/2014 09:40,Barcelona,Spain
41.3881618,2.1117328,05/27/2014 09:55,Barcelona,Spain
41.387974,2.1114027,05/27/2014 10:10,Barcelona,Spain
41.3879057,2.1114107,05/27/2014 10:26,Barcelona,Spain
41.3879057,2.1114107,05/27/2014 10:40,Barcelona,Spain
41.3882771,2.1118504,05/27/2014 12:10,Barcelona,Spain
41.3882554,2.111922,05/27/2014 12:40,Barcelona,Spain
41.3882561,2.1119204,05/27/2014 13:10,Barcelona,Spain
41.388255,2.111925,05/27/2014 13:40,Barcelona,Spain
41.3879053,2.1114105,05/27/2014 13:55,Barcelona,Spain
41.3880049,2.1115303,05/27/2014 14:25,Barcelona,Spain
41.3861426,2.1116381,05/27/2014 14:40,Barcelona,Spain
41.3857026,2.1171113,05/27/2014 14:56,Barcelona,Spain
41.3871108,2.1178476,05/27/2014 15:10,Barcelona,Spain
41.3867764,2.119224,05/27/2014 15:41,Barcelona,Spain
41.3871597,2.1182912,05/27/2014 15:55,Barcelona,Spain
41.3787675,2.1458788,05/27/2014 17:10,Barcelona,Spain
41.3761571,2.1389209,05/27/2014 17:40,Barcelona,Spain
41.376168,2.1389745,05/27/2014 17:55,Barcelona,Spain
41.3775004,2.1459167,05/27/2014 19:26,Barcelona,Spain
41.3787333,2.1458076,05/27/2014 19:40,Barcelona,Spain
41.3787221,2.1457987,05/27/2014 20:10,Barcelona,Spain
41.3787422,2.1458435,05/27/2014 21:10,Barcelona,Spain
41.3787607,2.1458547,05/27/2014 21:40,Barcelona,Spain
41.379224,2.1467062,05/28/2014 09:25,Barcelona,Spain
41.374907,2.1440798,05/28/2014 09:40,Barcelona,Spain
41.3767986,2.1460575,05/28/2014 09:55,Barcelona,Spain
41.3787298,2.1458162,05/28/2014 10:10,Barcelona,Spain
41.3787278,2.1457944,05/28/2014 12:25,Barcelona,Spain
41.3787163,2.1458125,05/28/2014 12:55,Barcelona,Spain
41.3781103,2.1458367,05/28/2014 14:10,Barcelona,Spain
41.3747732,2.1490913,05/28/2014 14:25,Barcelona,Spain
41.3708983,2.1496303,05/28/2014 14:40,Barcelona,Spain
41.3704918,2.1491767,05/28/2014 15:10,Barcelona,Spain
41.3720497,2.1508894,05/28/2014 15:25,Barcelona,Spain
41.3715502,2.1504336,05/28/2014 15:40,Barcelona,Spain
41.3764935,2.1477356,05/28/2014 15:55,Barcelona,Spain
41.3789534,2.1460887,05/28/2014 16:10,Barcelona,Spain
41.3787751,2.1458961,05/28/2014 16:25,Barcelona,Spain
41.3803202,2.1492248,05/28/2014 19:25,Barcelona,Spain
41.3787078,2.1458342,05/28/2014 19:40,Barcelona,Spain
41.3787319,2.145859,05/28/2014 21:25,Barcelona,Spain
41.3787664,2.1458492,05/29/2014 07:55,Barcelona,Spain
41.3793071,2.146604,05/29/2014 09:40,Barcelona,Spain
41.3983691,2.1684677,05/29/2014 10:55,Barcelona,Spain
41.3953811,2.1600479,05/29/2014 11:25,Barcelona,Spain
41.3957163,2.160428,05/29/2014 11:55,Barcelona,Spain
41.3913813,2.161562,05/29/2014 12:25,Barcelona,Spain
41.391502,2.1616862,05/29/2014 12:55,Barcelona,Spain
41.3870177,2.1705633,05/29/2014 14:25,Barcelona,Spain
41.3867894,2.1686021,05/29/2014 15:25,Barcelona,Spain
41.3857312,2.1687122,05/29/2014 15:40,Barcelona,Spain
41.3792219,2.1466711,05/29/2014 16:25,Barcelona,Spain
41.3787663,2.1458948,05/29/2014 16:29,Barcelona,Spain
41.3787679,2.1459241,05/29/2014 16:43,Barcelona,Spain
41.3787775,2.1459034,05/29/2014 17:10,Barcelona,Spain
41.378736,2.1458008,05/29/2014 17:24,Barcelona,Spain
41.3787227,2.1458067,05/29/2014 17:39,Barcelona,Spain
41.3758124,2.1482936,05/29/2014 18:10,Barcelona,Spain
41.371975,2.1507717,05/29/2014 18:24,Barcelona,Spain
41.37048,2.1467313,05/29/2014 18:39,Barcelona,Spain
41.3693464,2.1524444,05/29/2014 18:54,Barcelona,Spain
41.3732943,2.1512919,05/29/2014 19:10,Barcelona,Spain
41.3767006,2.1501293,05/29/2014 19:24,Barcelona,Spain
41.3788195,2.1460092,05/29/2014 19:55,Barcelona,Spain
41.3787267,2.145835,05/29/2014 20:09,Barcelona,Spain
41.3787411,2.1458169,05/29/2014 20:39,Barcelona,Spain
41.3787383,2.1458368,05/30/2014 03:09,Barcelona,Spain
41.378736,2.145829,05/30/2014 03:54,Barcelona,Spain
41.3787452,2.1457887,05/30/2014 10:24,Barcelona,Spain
41.3792493,2.1465739,05/30/2014 10:39,Barcelona,Spain
50.4893042,19.0983815,05/30/2014 16:10,Zendek,Poland
50.4492979,19.0605598,05/30/2014 16:39,Tarnowskie Góry County,Poland
50.4487039,19.0594976,05/30/2014 16:55,Silesian Voivodeship,Poland
50.3284979,19.2424844,05/30/2014 17:10,Dabrowa Gornicza,Poland
50.3063515,19.4756748,05/30/2014 17:25,Olkusz County,Poland
50.0973304,19.8953944,05/30/2014 17:59,Krakow,Poland
50.0897229,19.9181189,05/30/2014 18:10,Krakow,Poland
50.0689532,19.9463832,05/30/2014 18:25,Krakow,Poland
50.0629994,19.9398983,05/30/2014 18:40,Krakow,Poland
50.0623877,19.9349159,05/30/2014 18:55,Krakow,Poland
50.0626007,19.9351917,05/30/2014 19:24,Kraków-Śródmieście,Poland
50.0625808,19.935131,05/30/2014 19:39,Kraków-Śródmieście,Poland
50.0629921,19.9341694,05/30/2014 19:55,Krakow,Poland
50.0619015,19.9370671,05/30/2014 20:25,Krakow,Poland
50.0622728,19.9348871,05/30/2014 20:54,Krakow,Poland
50.0626073,19.9350316,05/30/2014 21:39,Krakow,Poland
50.0641357,19.9353627,05/31/2014 06:55,Krakow,Poland
50.0279986,19.2016098,05/31/2014 08:24,Oswiecim,Poland
50.0514717,19.213068,05/31/2014 12:55,"Babice, Oświęcim County",Poland
50.0725352,19.4339893,05/31/2014 13:10,"Wygiełzów, Lesser Poland Voivodeship",Poland
50.0340482,19.6125103,05/31/2014 13:25,Chrzanów County,Poland
50.0357467,19.8359321,05/31/2014 13:40,Krakow,Poland
50.0627453,19.930684,05/31/2014 13:55,Krakow,Poland
50.06162,19.9380637,05/31/2014 14:09,Krakow,Poland
50.0623075,19.9356297,05/31/2014 14:40,Krakow,Poland
50.0633891,19.9334855,05/31/2014 15:10,Kraków-Śródmieście,Poland
50.0625855,19.9350852,05/31/2014 15:24,Kraków-Śródmieście,Poland
50.0555732,19.9355354,05/31/2014 15:55,Kraków-Śródmieście,Poland
50.0537283,19.9343361,05/31/2014 16:09,Krakow,Poland
50.0522944,19.9349178,05/31/2014 16:25,Krakow,Poland
50.0536635,19.9292626,05/31/2014 16:40,Krakow,Poland
50.056137,19.9310351,05/31/2014 16:55,Krakow,Poland
50.0520741,19.93419312,05/31/2014 17:26,Krakow,Poland
50.0530535,19.9299838,05/31/2014 17:40,Krakow,Poland
50.0531695,19.9318635,05/31/2014 17:55,Krakow,Poland
50.0502566,19.9370347,05/31/2014 18:10,Krakow,Poland
50.0513223,19.9478283,05/31/2014 18:25,Krakow,Poland
50.0549321,19.9504634,05/31/2014 18:40,Krakow,Poland
50.0524154,19.9450718,05/31/2014 19:40,Krakow,Poland
50.0530348,19.9472086,05/31/2014 19:55,Krakow,Poland
50.0524154,19.9450718,05/31/2014 20:55,Krakow,Poland
50.0523377,19.9462202,05/31/2014 21:10,Krakow,Poland
50.0521869,19.9384723,05/31/2014 22:40,Krakow,Poland
50.0634558,19.9335342,05/31/2014 22:55,Krakow,Poland
50.0626014,19.9350544,05/31/2014 23:24,Krakow,Poland
50.0626415,19.9349326,05/31/2014 23:39,Krakow,Poland
50.0625873,19.9351931,06/01/2014 00:09,Kraków-Śródmieście,Poland
50.0626457,19.9351438,06/01/2014 00:40,Kraków-Śródmieście,Poland
50.0625931,19.9351967,06/01/2014 02:25,Kraków-Śródmieście,Poland
50.0626022,19.9352347,06/01/2014 03:25,Kraków-Śródmieście,Poland
50.0625795,19.9352284,06/01/2014 03:40,Kraków-Śródmieście,Poland
50.0625798,19.9350876,06/01/2014 05:10,Kraków-Śródmieście,Poland
50.0626113,19.9350737,06/01/2014 05:25,Krakow,Poland
50.0625873,19.9352278,06/01/2014 05:40,Kraków-Śródmieście,Poland
50.0633651,19.9335892,06/01/2014 06:10,Krakow,Poland
50.0624976,19.9353213,06/01/2014 06:24,Krakow,Poland
50.0625866,19.9350964,06/01/2014 07:09,Kraków-Śródmieście,Poland
50.0591644,19.9433121,06/01/2014 07:25,Krakow,Poland
49.9931846,20.0434783,06/01/2014 07:40,Wieliczka,Poland
49.9848481,20.0524206,06/01/2014 10:25,Wieliczka,Poland
49.9931983,20.0419465,06/01/2014 11:10,Wieliczka,Poland
50.0469364,19.9548284,06/01/2014 11:25,Krakow,Poland
50.0586907,19.9449645,06/01/2014 11:39,Krakow,Poland
50.061426,19.9467827,06/01/2014 11:54,Krakow,Poland
50.061966,19.9430459,06/01/2014 12:09,Krakow,Poland
50.0627743,19.9346816,06/01/2014 12:24,Krakow,Poland
50.06251788,19.93862688,06/01/2014 12:41,Krakow,Poland
50.062037,19.9380243,06/01/2014 12:54,Krakow,Poland
50.0625578,19.9352175,06/01/2014 14:10,Kraków-Śródmieście,Poland
50.0625781,19.9351276,06/01/2014 14:24,Kraków-Śródmieście,Poland
50.062596,19.9350679,06/01/2014 14:39,Krakow,Poland
50.0625672,19.9351645,06/01/2014 15:24,Kraków-Śródmieście,Poland
50.0625823,19.9351096,06/01/2014 15:55,Kraków-Śródmieście,Poland
50.0626005,19.9350316,06/01/2014 16:24,Krakow,Poland
50.0625811,19.9351326,06/01/2014 16:40,Kraków-Śródmieście,Poland
50.0624665,19.9350721,06/01/2014 16:54,Kraków-Śródmieście,Poland
50.0630178,19.9340556,06/01/2014 17:10,Krakow,Poland
50.0620969,19.9369921,06/01/2014 17:25,Krakow,Poland
50.0645538,19.9406145,06/01/2014 17:54,Krakow,Poland
50.0619005,19.9376933,06/01/2014 18:10,Krakow,Poland
50.063046,19.9340562,06/01/2014 18:25,Krakow,Poland
50.0630303,19.9340581,06/01/2014 18:40,Krakow,Poland
50.0641133,19.9351826,06/01/2014 19:10,Krakow,Poland
50.0625609,19.935157,06/01/2014 19:54,Kraków-Śródmieście,Poland
50.0632522,19.9336525,06/01/2014 20:39,Krakow,Poland
50.0625801,19.9351321,06/01/2014 20:54,Kraków-Śródmieście,Poland
50.0625937,19.9351009,06/01/2014 21:10,Kraków-Śródmieście,Poland
50.0625735,19.9351027,06/01/2014 21:25,Kraków-Śródmieście,Poland
50.0626095,19.9350853,06/02/2014 00:09,Krakow,Poland
50.0625471,19.9351782,06/02/2014 00:24,Kraków-Śródmieście,Poland
50.0625758,19.9352586,06/02/2014 03:40,Kraków-Śródmieście,Poland
50.0625614,19.9351123,06/02/2014 03:55,Kraków-Śródmieście,Poland
50.0620292,19.9372839,06/02/2014 04:25,Krakow,Poland
50.0688635,19.9493028,06/02/2014 04:40,Krakow,Poland
50.0891504,19.9089234,06/02/2014 05:10,Krakow,Poland
50.0718414,19.8014484,06/02/2014 05:25,"Balice, Lesser Poland Voivodeship",Poland
50.0775064,19.8091708,06/02/2014 05:40,Krakow,Poland
50.1459569,19.4649668,06/02/2014 05:54,Trzebinia,Poland
50.1543968,19.2441361,06/02/2014 06:10,Imielin,Poland
50.2547209,18.8870225,06/02/2014 06:25,Ruda Slaska,Poland
50.2736325,18.7294285,06/02/2014 06:39,Gliwice,Poland
50.2736325,18.7294285,06/02/2014 06:55,Gliwice,Poland
50.4622715,19.0815141,06/02/2014 07:10,Tarnowskie Góry County,Poland
50.3736895,18.8892047,06/02/2014 07:25,Bytom,Poland
49.9005024,18.3465247,06/02/2014 08:10,Novy Bohumin,Czech Republic
49.8213494,18.2090604,06/02/2014 08:24,Ostrava,Czech Republic
49.6636426,17.9267558,06/02/2014 09:09,Suchdol nad Odrou,Czech Republic
49.559495,17.7181638,06/02/2014 09:25,Hranice,Czech Republic
49.450555,17.4190687,06/02/2014 09:40,Prerov,Czech Republic
49.9668788,16.4022121,06/02/2014 10:55,Ústí nad Orlicí,Czech Republic
50.0418467,15.3950116,06/02/2014 11:40,Kojice,Czech Republic
50.1212466,14.99529,06/02/2014 11:55,Sadská,Czech Republic
50.0877291,14.6606001,06/02/2014 12:10,Prague,Czech Republic
50.0834508,14.434048,06/02/2014 12:39,Prague,Czech Republic
50.0753431,14.4314492,06/02/2014 12:54,Prague,Czech Republic
50.0748335,14.444941,06/02/2014 13:10,Prague,Czech Republic
50.0767245,14.4541146,06/02/2014 13:25,Prague,Czech Republic
50.082104,14.4489598,06/02/2014 13:40,Prague,Czech Republic
50.0821686,14.4490064,06/02/2014 13:55,Prague,Czech Republic
50.0770296,14.4449532,06/02/2014 15:10,Prague,Czech Republic
50.0929545,14.3923636,06/02/2014 15:39,Prague,Czech Republic
50.0867216,14.3883489,06/02/2014 15:55,Prague,Czech Republic
50.0835411,14.3951477,06/02/2014 18:24,Prague,Czech Republic
50.0755166,14.424425,06/02/2014 19:39,Prague,Czech Republic
50.0747253,14.4438536,06/02/2014 19:55,Prague,Czech Republic
50.0748193,14.4449162,06/02/2014 21:03,Prague,Czech Republic
50.0747471,14.4448807,06/02/2014 21:17,Prague,Czech Republic
50.0747885,14.4449283,06/02/2014 22:17,Prague,Czech Republic
50.074818,14.4449218,06/03/2014 04:17,Prague,Czech Republic
50.0748166,14.4449259,06/03/2014 04:32,Prague,Czech Republic
50.0748114,14.4449142,06/03/2014 08:47,Prague,Czech Republic
50.0748023,14.4449007,06/03/2014 10:02,Prague,Czech Republic
50.0745157,14.44304,06/03/2014 11:17,Prague,Czech Republic
50.0746254,14.4446554,06/03/2014 11:47,Prague,Czech Republic
50.074801,14.4448882,06/03/2014 12:02,Prague,Czech Republic
50.0748243,14.444872,06/03/2014 13:02,Prague,Czech Republic
50.0748369,14.4449114,06/03/2014 13:13,Prague,Czech Republic
50.074773,14.4440281,06/03/2014 13:27,Prague,Czech Republic
50.0803944,14.4429016,06/03/2014 13:42,Prague,Czech Republic
50.0803509,14.44308,06/03/2014 13:57,Prague,Czech Republic
50.0803951,14.4429035,06/03/2014 14:27,Prague,Czech Republic
50.0803224,14.443103,06/03/2014 14:57,Prague,Czech Republic
50.0803374,14.4431043,06/03/2014 15:27,Prague,Czech Republic
50.0802476,14.4434606,06/03/2014 15:57,Prague,Czech Republic
50.0804328,14.4428781,06/03/2014 16:12,Prague,Czech Republic
50.080439,14.4428791,06/03/2014 16:27,Prague,Czech Republic
50.080377,14.4429536,06/03/2014 16:57,Prague,Czech Republic
50.080395,14.4429021,06/03/2014 17:12,Prague,Czech Republic
50.0803926,14.4428732,06/03/2014 17:42,Prague,Czech Republic
50.0804316,14.4428794,06/03/2014 18:12,Prague,Czech Republic
50.0803467,14.4430121,06/03/2014 18:42,Prague,Czech Republic
50.0804398,14.4428786,06/03/2014 19:12,Prague,Czech Republic
50.0804144,14.4429347,06/03/2014 19:42,Prague,Czech Republic
50.0802394,14.4444573,06/03/2014 20:12,Prague,Czech Republic
50.077279,14.4461238,06/03/2014 20:27,Prague,Czech Republic
50.0770266,14.4427029,06/03/2014 21:57,Prague,Czech Republic
50.0748296,14.4448816,06/03/2014 22:27,Prague,Czech Republic
50.0748137,14.4448947,06/04/2014 09:27,Prague,Czech Republic
50.0743392,14.4437995,06/04/2014 09:42,Prague,Czech Republic
50.0743728,14.4432601,06/04/2014 09:57,Prague,Czech Republic
50.0748505,14.4450099,06/04/2014 10:12,Prague,Czech Republic
50.0753372,14.4333542,06/04/2014 10:42,Prague,Czech Republic
50.1015078,14.4977957,06/04/2014 10:57,Prague,Czech Republic
50.0768288,14.7100146,06/04/2014 11:12,Úvaly,Czech Republic
50.1088254,14.9214424,06/04/2014 11:27,Poříčany,Czech Republic
50.0257615,15.2141985,06/04/2014 11:42,Kolin,Czech Republic
49.9617593,15.298554,06/04/2014 11:57,Kutna Hora,Czech Republic
49.9675512,15.2771381,06/04/2014 12:12,Kutna Hora,Czech Republic
49.9620496,15.2882151,06/04/2014 12:42,Kutna Hora,Czech Republic
49.9597606,15.2904163,06/04/2014 12:56,Kutna Hora,Czech Republic
49.9598149,15.2888485,06/04/2014 13:12,Kutna Hora,Czech Republic
49.9482673,15.264785,06/04/2014 13:57,Kutna Hora,Czech Republic
49.9487304,15.2619396,06/04/2014 14:57,Kutna Hora,Czech Republic
49.9373516,15.2659212,06/04/2014 15:42,Kutna Hora,Czech Republic
49.9487304,15.2619396,06/04/2014 15:57,Kutna Hora,Czech Republic
49.9495698,15.2616676,06/04/2014 16:12,Kutna Hora,Czech Republic
49.9495804,15.268461,06/04/2014 17:27,Kutna Hora,Czech Republic
49.9488707,15.2801565,06/04/2014 18:27,Kutna Hora,Czech Republic
49.9705236,15.3103109,06/04/2014 18:41,Nové Dvory (Kutná Hora District),Czech Republic
50.0280826,15.2108136,06/04/2014 19:12,Kolin,Czech Republic
50.0250402,15.2089936,06/04/2014 19:26,Kolin,Czech Republic
50.0713611,14.8375136,06/04/2014 19:42,Český Brod,Czech Republic
50.085036,14.5703343,06/04/2014 19:56,Prague,Czech Republic
50.0849244,14.4370112,06/04/2014 20:12,Prague,Czech Republic
50.0823119,14.4483479,06/04/2014 20:26,Prague,Czech Republic
50.0812002,14.4511362,06/04/2014 20:42,Prague,Czech Republic
50.0817268,14.4520952,06/04/2014 20:57,Prague,Czech Republic
50.0754659,14.4506584,06/04/2014 21:27,Prague,Czech Republic
50.0748771,14.4449906,06/04/2014 21:41,Prague,Czech Republic
50.0748328,14.4449038,06/05/2014 08:41,Prague,Czech Republic
50.0748441,14.4449497,06/05/2014 08:55,Prague,Czech Republic
50.0747991,14.4449386,06/05/2014 09:55,Prague,Czech Republic
50.0748568,14.4449527,06/05/2014 10:08,Prague,Czech Republic
50.0749316,14.4450004,06/05/2014 10:22,Prague,Czech Republic
50.0774726,14.4395288,06/05/2014 10:37,Prague,Czech Republic
50.0804067,14.4288721,06/05/2014 10:52,Prague,Czech Republic
50.0871494,14.4210324,06/05/2014 11:21,Prague,Czech Republic
50.0908449,14.4254652,06/05/2014 12:06,Prague,Czech Republic
50.0903387,14.4165733,06/05/2014 14:21,Prague,Czech Republic
50.094667,14.4086255,06/05/2014 14:37,Prague,Czech Republic
50.0892905,14.4071386,06/05/2014 14:51,Prague,Czech Republic
50.0870367,14.4073903,06/05/2014 15:21,Prague,Czech Republic
50.0871087,14.4151366,06/05/2014 15:37,Prague,Czech Republic
50.0748692,14.4450231,06/05/2014 16:08,Prague,Czech Republic
50.0744816,14.4383738,06/05/2014 17:07,Prague,Czech Republic
50.0644528,14.4421784,06/05/2014 17:23,Prague,Czech Republic
50.064484,14.4421166,06/05/2014 18:07,Prague,Czech Republic
50.0644839,14.4421629,06/05/2014 18:22,Prague,Czech Republic
50.0645209,14.4421915,06/05/2014 18:38,Prague,Czech Republic
50.0639021,14.4419381,06/05/2014 19:08,Prague,Czech Republic
50.067519,14.4396416,06/05/2014 19:52,Prague,Czech Republic
50.0664128,14.4412063,06/05/2014 20:08,Prague,Czech Republic
50.0642105,14.4415854,06/05/2014 20:21,Prague,Czech Republic
50.0642115,14.4415858,06/05/2014 20:36,Prague,Czech Republic
50.0642102,14.4415854,06/05/2014 20:52,Prague,Czech Republic
50.0770238,14.443409,06/05/2014 21:53,Prague,Czech Republic
50.0826897,14.4474506,06/05/2014 22:06,Prague,Czech Republic
50.0808333,14.4507104,06/05/2014 23:22,Prague,Czech Republic
50.0770732,14.4487279,06/05/2014 23:36,Prague,Czech Republic
50.0747427,14.4448508,06/05/2014 23:51,Prague,Czech Republic
50.0749134,14.4449915,06/06/2014 01:07,Prague,Czech Republic
50.0748236,14.4449247,06/06/2014 08:51,Prague,Czech Republic
50.0748338,14.4449262,06/06/2014 09:08,Prague,Czech Republic
50.0809836,14.4075013,06/06/2014 10:52,Prague,Czech Republic
50.0861426,14.4041336,06/06/2014 11:07,Prague,Czech Republic
50.0783772,14.4040638,06/06/2014 12:06,Prague,Czech Republic
50.0712999,14.4043736,06/06/2014 12:22,Prague,Czech Republic
50.0524104,14.2921832,06/06/2014 13:07,Prague,Czech Republic
49.9711561,14.1036316,06/06/2014 13:22,Beroun,Czech Republic
49.7863143,13.7184234,06/06/2014 13:36,Mýto,Czech Republic
49.6986203,13.4232197,06/06/2014 13:51,Plzen,Czech Republic
49.71359644,13.14887376,06/06/2014 14:07,Blatnice,Czech Republic
49.7081671,13.045332,06/06/2014 14:21,Kostelec,Czech Republic
49.66003641,12.55782719,06/06/2014 14:25,Rozvadov,Czech Republic
49.3986061,11.8477583,06/06/2014 14:52,Kümmersbruck,Germany
49.4080691,11.2899446,06/06/2014 15:06,Winkelhaid,Germany
49.3099178,10.9893089,06/06/2014 15:21,Kammerstein,Germany
49.2602204,10.5479229,06/06/2014 15:37,Ansbach,Germany
49.16301872,9.37027094,06/06/2014 16:30,Ellhofen,Germany
49.157873,9.3457177,06/06/2014 16:37,Obersulm,Germany
48.8263821,9.1708848,06/06/2014 17:06,Stuttgart,Germany
48.7836398,9.1805917,06/06/2014 17:21,Stuttgart,Germany
48.7858451,9.1879941,06/06/2014 17:51,Stuttgart,Germany
48.6936721,9.4128045,06/06/2014 18:21,Wernau,Germany
48.5563514,9.2734723,06/06/2014 18:37,Riederich,Germany
48.528449,9.1404883,06/06/2014 18:51,Kirchentellinsfurt,Germany
48.5182699,9.0580234,06/06/2014 19:06,Tübingen,Germany
48.5228607,9.0549229,06/06/2014 19:52,Tübingen,Germany
48.5228169,9.0549868,06/06/2014 20:37,Tübingen,Germany
48.5228144,9.0549957,06/06/2014 20:51,Tübingen,Germany
48.5228061,9.0549144,06/06/2014 21:07,Tübingen,Germany
48.5227862,9.0551127,06/06/2014 21:36,Tübingen,Germany
48.5227451,9.0549531,06/06/2014 22:21,Tübingen,Germany
48.5227749,9.054864,06/06/2014 22:37,Tübingen,Germany
48.5227263,9.0550239,06/06/2014 23:37,Tübingen,Germany
48.5228211,9.0549615,06/07/2014 00:36,Tübingen,Germany
48.5227947,9.0548568,06/07/2014 01:37,Tübingen,Germany
48.5228094,9.0548688,06/07/2014 02:22,Tübingen,Germany
48.5228121,9.0548662,06/07/2014 03:21,Tübingen,Germany
48.5227953,9.0548425,06/07/2014 04:22,Tübingen,Germany
48.5227946,9.0548533,06/07/2014 05:22,Tübingen,Germany
48.5228565,9.0548493,06/07/2014 06:22,Tübingen,Germany
48.5228155,9.054863,06/07/2014 07:21,Tübingen,Germany
48.5228494,9.0549143,06/07/2014 08:06,Tübingen,Germany
48.5227956,9.0548521,06/07/2014 09:06,Tübingen,Germany
48.5228022,9.0548682,06/07/2014 10:06,Tübingen,Germany
48.5228203,9.0550253,06/07/2014 10:35,Tübingen,Germany
48.5228587,9.0550944,06/07/2014 10:49,Tübingen,Germany
48.5203773,9.0558252,06/07/2014 11:49,Tübingen,Germany
48.5220967,9.0570606,06/07/2014 12:19,Tübingen,Germany
48.5236203,9.054754,06/07/2014 12:34,Tübingen,Germany
48.5228305,9.0549427,06/07/2014 12:49,Tübingen,Germany
48.52284,9.0549641,06/07/2014 13:04,Tübingen,Germany
48.5228046,9.0548718,06/07/2014 13:49,Tübingen,Germany
48.5228095,9.054869,06/07/2014 14:34,Tübingen,Germany
48.5227947,9.0548606,06/07/2014 15:34,Tübingen,Germany
48.5227297,9.0551674,06/07/2014 15:49,Tübingen,Germany
48.5228481,9.0549328,06/07/2014 16:34,Tübingen,Germany
48.5228828,9.0549506,06/07/2014 17:19,Tübingen,Germany
48.5228336,9.0550162,06/07/2014 17:34,Tübingen,Germany
48.5228405,9.0549887,06/07/2014 18:34,Tübingen,Germany
48.5228012,9.0550126,06/07/2014 19:34,Tübingen,Germany
48.5228354,9.0549996,06/07/2014 20:19,Tübingen,Germany
48.5229001,9.0550918,06/07/2014 21:20,Tübingen,Germany
48.5228153,9.0548848,06/07/2014 21:50,Tübingen,Germany
48.5228108,9.0549703,06/07/2014 22:20,Tübingen,Germany
48.5227999,9.0549754,06/07/2014 23:19,Tübingen,Germany
48.5228146,9.054844,06/08/2014 00:04,Tübingen,Germany
48.522815,9.0548372,06/08/2014 01:04,Tübingen,Germany
48.5228105,9.0548582,06/08/2014 02:04,Tübingen,Germany
48.5228045,9.0548104,06/08/2014 03:04,Tübingen,Germany
48.5228141,9.0548628,06/08/2014 04:49,Tübingen,Germany
48.5228044,9.0548106,06/08/2014 05:50,Tübingen,Germany
48.5228185,9.0548515,06/08/2014 06:49,Tübingen,Germany
48.522802,9.0548713,06/08/2014 07:49,Tübingen,Germany
48.5228057,9.0548671,06/08/2014 08:50,Tübingen,Germany
48.5228089,9.0548548,06/08/2014 09:50,Tübingen,Germany
48.5228091,9.0548632,06/08/2014 10:50,Tübingen,Germany
48.5228145,9.054862,06/08/2014 11:34,Tübingen,Germany
48.5224294,9.0558075,06/08/2014 12:34,Tübingen,Germany
48.5191539,9.0575693,06/08/2014 12:49,Tübingen,Germany
48.5166995,9.0466144,06/08/2014 13:04,Tübingen,Germany
48.5120707,9.0412058,06/08/2014 13:19,Tübingen,Germany
48.5108843,9.0418404,06/08/2014 13:34,Tübingen,Germany
48.5093534,9.0359388,06/08/2014 14:05,Tübingen,Germany
48.5152416,9.0430398,06/08/2014 14:19,Tübingen,Germany
48.5205663,9.0495965,06/08/2014 14:34,Tübingen,Germany
48.5215595,9.0578074,06/08/2014 14:49,Tübingen,Germany
48.5219428,9.0587136,06/08/2014 15:19,Tübingen,Germany
48.5222479,9.0505798,06/08/2014 15:52,Tübingen,Germany
48.523922,9.0469881,06/08/2014 16:04,Tübingen,Germany
48.5251118,9.0511138,06/08/2014 17:19,Tübingen,Germany
48.5235745,9.0546606,06/08/2014 17:34,Tübingen,Germany
48.5228271,9.0548593,06/08/2014 17:49,Tübingen,Germany
48.5228923,9.0548834,06/08/2014 18:51,Tübingen,Germany
48.522917,9.0550532,06/08/2014 19:34,Tübingen,Germany
48.5228082,9.0548,06/08/2014 20:34,Tübingen,Germany
48.5228798,9.0551196,06/08/2014 21:34,Tübingen,Germany
48.5228623,9.0550666,06/08/2014 22:34,Tübingen,Germany
48.5228503,9.0549874,06/08/2014 23:34,Tübingen,Germany
48.522846,9.0548878,06/09/2014 00:34,Tübingen,Germany
48.5228334,9.0548939,06/09/2014 01:34,Tübingen,Germany
48.5228309,9.0548892,06/09/2014 02:34,Tübingen,Germany
48.5228325,9.0548884,06/09/2014 03:19,Tübingen,Germany
48.5228426,9.0548879,06/09/2014 04:19,Tübingen,Germany
48.5228451,9.0548831,06/09/2014 05:19,Tübingen,Germany
48.5228437,9.0548582,06/09/2014 06:19,Tübingen,Germany
48.5228018,9.0548121,06/09/2014 07:19,Tübingen,Germany
48.522848,9.0548761,06/09/2014 08:19,Tübingen,Germany
48.5228739,9.0549088,06/09/2014 08:44,Tübingen,Germany
48.5228988,9.054884,06/09/2014 08:58,Tübingen,Germany
48.5228777,9.0548668,06/09/2014 09:42,Tübingen,Germany
48.5228468,9.0548813,06/09/2014 09:59,Tübingen,Germany
48.5228808,9.0549445,06/09/2014 10:59,Tübingen,Germany
48.5228747,9.0549562,06/09/2014 11:58,Tübingen,Germany
48.5219023,9.0551219,06/09/2014 12:12,Tübingen,Germany
48.5186292,9.051883,06/09/2014 12:27,Tübingen,Germany
48.5194611,9.0501614,06/09/2014 12:58,Tübingen,Germany
48.5221805,9.0548789,06/09/2014 13:44,Tübingen,Germany
48.522878,9.0549234,06/09/2014 13:58,Tübingen,Germany
48.5285424,9.0637682,06/09/2014 14:58,Tübingen,Germany
48.5611809,9.0596721,06/09/2014 15:12,Tübingen,Germany
48.56106756,9.05980557,06/09/2014 15:33,Tübingen,Germany
48.5744624,9.0664553,06/09/2014 15:57,Tübingen,Germany
48.5264356,9.0893672,06/09/2014 16:13,Tübingen,Germany
48.5116159,9.0743852,06/09/2014 16:28,Tübingen,Germany
48.5095063,9.0773955,06/09/2014 16:43,Tübingen,Germany
48.5153897,9.0605276,06/09/2014 16:58,Tübingen,Germany
48.5228484,9.0549141,06/09/2014 17:13,Tübingen,Germany
48.522864,9.055037,06/09/2014 17:27,Tübingen,Germany
48.52284,9.0550928,06/09/2014 17:42,Tübingen,Germany
48.5228574,9.0550444,06/09/2014 18:13,Tübingen,Germany
48.5228218,9.054912,06/09/2014 18:43,Tübingen,Germany
48.519613,9.0579454,06/09/2014 18:57,Tübingen,Germany
48.5191796,9.0587607,06/09/2014 20:13,Tübingen,Germany
48.5184719,9.0587324,06/09/2014 20:43,Tübingen,Germany
48.5203363,9.0558655,06/09/2014 20:58,Tübingen,Germany
48.5229367,9.0552437,06/09/2014 21:44,Tübingen,Germany
48.5239272,9.0567124,06/09/2014 21:57,Tübingen,Germany
48.5228782,9.0548703,06/09/2014 22:43,Tübingen,Germany
48.5228477,9.0548946,06/09/2014 23:49,Tübingen,Germany
48.5228083,9.0548569,06/10/2014 00:03,Tübingen,Germany
48.5228718,9.0548597,06/10/2014 00:18,Tübingen,Germany
48.5228127,9.0548515,06/10/2014 00:48,Tübingen,Germany
48.5228125,9.0548514,06/10/2014 01:03,Tübingen,Germany
48.5228476,9.0548813,06/10/2014 01:48,Tübingen,Germany
48.5228447,9.0548784,06/10/2014 02:48,Tübingen,Germany
48.5228958,9.0548728,06/10/2014 03:48,Tübingen,Germany
48.5228365,9.0548506,06/10/2014 04:48,Tübingen,Germany
48.5228273,9.0548789,06/10/2014 05:33,Tübingen,Germany
48.5228195,9.054848,06/10/2014 06:33,Tübingen,Germany
48.5228417,9.0549006,06/10/2014 07:33,Tübingen,Germany
48.5228313,9.054892,06/10/2014 08:33,Tübingen,Germany
48.5228543,9.0548837,06/10/2014 09:33,Tübingen,Germany
48.5228336,9.0548637,06/10/2014 10:33,Tübingen,Germany
48.5138995,9.0654466,06/10/2014 11:03,Tübingen,Germany
48.4726587,8.9351167,06/10/2014 11:18,Rottenburg,Germany
48.4422417,8.6921915,06/10/2014 11:48,Horb am Neckar,Germany
48.4800011,8.7286457,06/10/2014 12:03,Eutingen im Gäu,Germany
48.4543662,8.5463394,06/10/2014 12:33,Schopfloch,Germany
48.4458391,8.4314088,06/10/2014 12:48,Freudenstadt,Germany
48.3431884,8.3979525,06/10/2014 13:03,Alpirsbach,Germany
48.2906436,8.2701902,06/10/2014 13:18,Wolfach,Germany
48.2829401,8.1996304,06/10/2014 13:33,Gutach,Germany
48.3890293,8.0213421,06/10/2014 13:48,Gengenbach,Germany
48.4752249,7.9468866,06/10/2014 14:03,Offenburg,Germany
48.3808755,7.8632248,06/10/2014 14:18,Friesenheim,Germany
48.2334509,7.7536459,06/10/2014 14:33,Freiburg,Germany
47.9957162,7.8444118,06/10/2014 15:03,Freiburg,Germany
47.9935432,7.8527164,06/10/2014 15:18,Freiburg,Germany
47.9935439,7.8527385,06/10/2014 15:48,Freiburg,Germany
47.9885517,7.8644098,06/10/2014 16:03,Freiburg,Germany
47.9883671,7.8804731,06/10/2014 16:18,Freiburg,Germany
47.9883905,7.8805439,06/10/2014 16:33,Freiburg,Germany
47.9884375,7.8806024,06/10/2014 16:48,Freiburg,Germany
47.988432,7.8806266,06/10/2014 18:15,Freiburg,Germany
47.9884315,7.8805169,06/10/2014 18:29,Freiburg,Germany
47.9884292,7.8805616,06/10/2014 18:44,Freiburg,Germany
47.988427,7.8806556,06/10/2014 18:59,Freiburg,Germany
47.9920425,7.8544397,06/10/2014 19:29,Freiburg,Germany
47.9948691,7.8507003,06/10/2014 19:44,Freiburg,Germany
47.9945573,7.8481906,06/10/2014 20:44,Freiburg,Germany
47.9925553,7.854316,06/10/2014 21:00,Freiburg,Germany
47.9906151,7.8546336,06/10/2014 22:29,Freiburg,Germany
47.9883729,7.8806044,06/10/2014 22:44,Freiburg,Germany
47.9883335,7.8806044,06/10/2014 22:59,Freiburg,Germany
47.9856227,7.8902617,06/11/2014 08:29,Freiburg,Germany
47.9880476,7.8806876,06/11/2014 08:43,Freiburg,Germany
47.9883855,7.8805837,06/11/2014 08:59,Freiburg,Germany
47.9910929,7.8770788,06/11/2014 10:30,Freiburg,Germany
47.9905803,7.8691108,06/11/2014 10:44,Freiburg,Germany
47.991373,7.8575599,06/11/2014 11:00,Freiburg,Germany
47.993567,7.8538216,06/11/2014 11:14,Freiburg,Germany
47.9955254,7.8517852,06/11/2014 11:28,Freiburg,Germany
47.9955862,7.8520232,06/11/2014 12:13,Freiburg,Germany
47.9973129,7.8465994,06/11/2014 12:58,Freiburg,Germany
47.9931314,7.8481262,06/11/2014 13:14,Freiburg,Germany
47.9909605,7.8477566,06/11/2014 14:14,Freiburg,Germany
47.992095,7.8557958,06/11/2014 14:28,Freiburg,Germany
47.989375,7.8588021,06/11/2014 15:14,Freiburg,Germany
47.9883655,7.8806175,06/11/2014 15:29,Freiburg,Germany
47.9884841,7.8806016,06/11/2014 17:29,Freiburg,Germany
47.988421,7.8805784,06/11/2014 17:44,Freiburg,Germany
47.9870949,7.8797315,06/11/2014 18:14,Freiburg,Germany
47.993643,7.853873,06/11/2014 18:29,Freiburg,Germany
47.9973748,7.8495198,06/11/2014 18:44,Freiburg,Germany
47.9974077,7.8426919,06/11/2014 19:29,Freiburg,Germany
47.9992777,7.8392143,06/11/2014 19:44,Freiburg,Germany
47.9989639,7.8398483,06/11/2014 20:43,Freiburg,Germany
47.9990434,7.839931,06/11/2014 21:00,Freiburg,Germany
47.9990444,7.8400629,06/11/2014 21:14,Freiburg,Germany
47.9991186,7.8400402,06/11/2014 21:29,Freiburg,Germany
47.9958287,7.8433368,06/11/2014 21:44,Freiburg,Germany
47.9930027,7.854081,06/11/2014 21:59,Freiburg,Germany
47.9884198,7.8805538,06/11/2014 22:22,Freiburg,Germany
47.9884413,7.8805829,06/11/2014 22:36,Freiburg,Germany
47.9884483,7.8805226,06/11/2014 23:36,Freiburg,Germany
47.9884533,7.8806177,06/12/2014 06:21,Freiburg,Germany
47.9884458,7.8805665,06/12/2014 07:21,Freiburg,Germany
47.9871537,7.8775988,06/12/2014 08:51,Freiburg,Germany
47.9982725,7.852919,06/12/2014 09:06,Freiburg,Germany
47.9760664,7.9194239,06/12/2014 09:31,Kirchzarten,Germany
47.9055478,8.223163,06/12/2014 09:59,Titisee-Neustadt,Germany
48.0574273,8.5593472,06/12/2014 10:59,Villingen-Schwenningen,Germany
48.2359384,8.6481763,06/12/2014 11:14,Dietingen,Germany
48.417789,8.7342731,06/12/2014 11:29,Horb am Neckar,Germany
48.5142327,9.0625619,06/12/2014 11:59,Tübingen,Germany
48.5403852,9.1485186,06/12/2014 12:14,Kirchentellinsfurt,Germany
48.686405,9.1875348,06/12/2014 12:29,Leinfelden-Echterdingen,Germany
48.6935859,9.1875915,06/12/2014 12:44,Leinfelden-Echterdingen,Germany
48.6896113,9.1936349,06/12/2014 13:00,Stuttgart,Germany
48.6912899,9.1917704,06/12/2014 13:29,Stuttgart,Germany
48.6894299,9.1932052,06/12/2014 14:14,Stuttgart,Germany
41.3067518,2.0976238,06/12/2014 17:19,El Prat de Llobregat,Spain
41.3120858,2.0779213,06/12/2014 17:35,El Prat de Llobregat,Spain
41.3043329,2.0727284,06/12/2014 17:49,El Prat de Llobregat,Spain
41.3545991,2.1222349,06/12/2014 18:04,Hospitalet de Llobregat,Spain
41.36595544,2.13664755,06/12/2014 18:11,Barcelona,Spain
41.3860186,2.1700736,06/12/2014 18:34,Barcelona,Spain
41.3903832,2.1625836,06/12/2014 18:50,Barcelona,Spain
41.3964182,2.1252823,06/12/2014 19:05,Barcelona,Spain
41.396423,2.1253002,06/12/2014 20:19,Barcelona,Spain
41.3964263,2.1253525,06/12/2014 20:49,Barcelona,Spain
41.396434,2.1253708,06/12/2014 21:39,Barcelona,Spain
41.3964505,2.1253656,06/12/2014 21:51,Barcelona,Spain
41.3964336,2.125365,06/12/2014 22:20,Barcelona,Spain
41.3959947,2.1260207,06/12/2014 22:35,Barcelona,Spain
41.3755332,2.1488462,06/12/2014 22:49,Barcelona,Spain
41.3770441,2.1516166,06/12/2014 23:04,Barcelona,Spain
41.3770543,2.1511719,06/13/2014 09:05,Barcelona,Spain
41.3771264,2.1511307,06/13/2014 09:21,Barcelona,Spain
41.3770554,2.1511817,06/13/2014 10:04,Barcelona,Spain
41.376219,2.1511445,06/13/2014 10:20,Barcelona,Spain
41.375759,2.1492467,06/13/2014 10:49,Barcelona,Spain
41.3595803,2.128153,06/13/2014 11:05,Hospitalet de Llobregat,Spain
41.3597016,2.1301246,06/13/2014 11:19,Hospitalet de Llobregat,Spain
41.3584596,2.1287013,06/13/2014 11:35,Hospitalet de Llobregat,Spain
41.3770986,2.1511513,06/13/2014 12:34,Barcelona,Spain
41.3770756,2.1511459,06/13/2014 12:50,Barcelona,Spain
41.3785839,2.1469164,06/13/2014 13:19,Barcelona,Spain
41.3787379,2.1457797,06/13/2014 13:34,Barcelona,Spain
41.3811994,2.1456368,06/13/2014 15:19,Barcelona,Spain
41.3792181,2.146305,06/13/2014 15:49,Barcelona,Spain
41.3787336,2.1457829,06/13/2014 18:19,Barcelona,Spain
41.3787454,2.1457938,06/13/2014 19:19,Barcelona,Spain
41.3787391,2.1457754,06/13/2014 19:34,Barcelona,Spain
41.3787238,2.145765,06/13/2014 19:46,Barcelona,Spain
41.3787318,2.1457802,06/13/2014 20:00,Barcelona,Spain
41.3787302,2.1457727,06/13/2014 21:00,Barcelona,Spain
41.3787498,2.1458038,06/13/2014 21:20,Barcelona,Spain
41.3787253,2.1457857,06/13/2014 21:34,Barcelona,Spain
41.3762233,2.1579707,06/13/2014 22:04,Barcelona,Spain
41.3801437,2.1753238,06/13/2014 22:18,Barcelona,Spain
41.3800231,2.1749981,06/13/2014 22:34,Barcelona,Spain
41.3804585,2.1739552,06/13/2014 22:48,Barcelona,Spain
41.38014,2.175175,06/13/2014 23:04,Barcelona,Spain
41.3792585,2.1762182,06/13/2014 23:19,Barcelona,Spain
41.3799512,2.1752521,06/14/2014 00:04,Barcelona,Spain
41.3799254,2.1752641,06/14/2014 01:03,Barcelona,Spain
41.3788719,2.1764294,06/14/2014 02:34,Barcelona,Spain
41.3760198,2.1507807,06/14/2014 02:49,Barcelona,Spain
41.3811028,2.1502163,06/14/2014 03:04,Barcelona,Spain
41.3787467,2.1457913,06/14/2014 03:19,Barcelona,Spain
41.3787542,2.1458112,06/14/2014 05:33,Barcelona,Spain
41.3787443,2.1457882,06/14/2014 06:19,Barcelona,Spain
41.3787408,2.1457857,06/14/2014 06:34,Barcelona,Spain
41.3787481,2.145824,06/14/2014 09:48,Barcelona,Spain
41.3787364,2.1457863,06/14/2014 10:03,Barcelona,Spain
41.3787367,2.1458172,06/14/2014 10:23,Barcelona,Spain
41.3787262,2.1457926,06/14/2014 10:37,Barcelona,Spain
41.378765,2.1458135,06/14/2014 11:22,Barcelona,Spain
41.3787565,2.1458018,06/14/2014 11:36,Barcelona,Spain
41.3787553,2.1457975,06/14/2014 12:36,Barcelona,Spain
41.3787438,2.1457942,06/14/2014 13:06,Barcelona,Spain
41.3787292,2.1457595,06/14/2014 13:52,Barcelona,Spain
41.378749,2.1457774,06/14/2014 14:08,Barcelona,Spain
41.3787507,2.1458195,06/14/2014 17:36,Barcelona,Spain
41.3787834,2.1458103,06/14/2014 18:22,Barcelona,Spain
41.3787599,2.1458104,06/14/2014 19:36,Barcelona,Spain
41.3787684,2.1458071,06/14/2014 20:36,Barcelona,Spain
41.3759626,2.1578368,06/15/2014 09:52,Barcelona,Spain
41.3860216,2.167912,06/15/2014 10:06,Barcelona,Spain
41.3860456,2.1678629,06/15/2014 10:23,Barcelona,Spain
41.3865813,2.1674455,06/15/2014 10:52,Barcelona,Spain
41.3865715,2.1674594,06/15/2014 11:22,Barcelona,Spain
41.3864137,2.1675266,06/15/2014 12:08,Barcelona,Spain
41.3862523,2.1676649,06/15/2014 12:22,Barcelona,Spain
41.3866699,2.1797933,06/15/2014 13:22,Barcelona,Spain
41.3866419,2.1798485,06/15/2014 14:07,Barcelona,Spain
41.3866866,2.1800732,06/15/2014 14:36,Barcelona,Spain
41.3838555,2.1816792,06/15/2014 14:51,Barcelona,Spain
41.3890875,2.1836115,06/15/2014 15:06,Barcelona,Spain
41.3890349,2.1839691,06/15/2014 15:38,Barcelona,Spain
41.3889013,2.1837389,06/15/2014 16:36,Barcelona,Spain
41.3892639,2.1842033,06/15/2014 16:52,Barcelona,Spain
41.389218,2.1841564,06/15/2014 17:07,Barcelona,Spain
41.3891388,2.1835767,06/15/2014 17:21,Barcelona,Spain
41.3908766,2.1812876,06/15/2014 17:38,Barcelona,Spain
41.3930509,2.1818037,06/15/2014 17:51,Barcelona,Spain
41.3913517,2.1799007,06/15/2014 18:07,Barcelona,Spain
41.3865484,2.1674871,06/15/2014 18:36,Barcelona,Spain
41.3821195,2.1666471,06/15/2014 18:52,Barcelona,Spain
41.3863704,2.1675872,06/15/2014 19:06,Barcelona,Spain
41.3863581,2.1676275,06/15/2014 19:23,Barcelona,Spain
41.3860028,2.1678723,06/15/2014 19:37,Barcelona,Spain
41.3887137,2.16381034,06/15/2014 20:09,Barcelona,Spain
41.3936493,2.1601163,06/15/2014 20:23,Barcelona,Spain
41.385875,2.1676817,06/15/2014 21:52,Barcelona,Spain
41.3863952,2.1675921,06/15/2014 22:07,Barcelona,Spain
41.3860254,2.1678958,06/15/2014 22:22,Barcelona,Spain
41.3859953,2.1678076,06/15/2014 23:08,Barcelona,Spain
41.386006,2.1678766,06/16/2014 00:07,Barcelona,Spain
41.3862908,2.1676772,06/16/2014 01:07,Barcelona,Spain
41.3860317,2.1678312,06/16/2014 01:53,Barcelona,Spain
41.3860004,2.1678974,06/16/2014 02:37,Barcelona,Spain
41.3859976,2.1678351,06/16/2014 02:52,Barcelona,Spain
41.386254,2.1676855,06/16/2014 03:52,Barcelona,Spain
41.3860743,2.1678261,06/16/2014 04:37,Barcelona,Spain
41.3863567,2.1675897,06/16/2014 05:07,Barcelona,Spain
41.3860104,2.1678664,06/16/2014 05:38,Barcelona,Spain
41.3863965,2.1675851,06/16/2014 06:08,Barcelona,Spain
41.3863902,2.1675479,06/16/2014 06:22,Barcelona,Spain
41.3860062,2.1678587,06/16/2014 06:37,Barcelona,Spain
41.3859933,2.1678633,06/16/2014 06:52,Barcelona,Spain
41.3863782,2.1675434,06/16/2014 07:07,Barcelona,Spain
41.3869784,2.1681822,06/16/2014 07:22,Barcelona,Spain
41.3859831,2.1677807,06/16/2014 07:37,Barcelona,Spain
41.3865576,2.1674182,06/16/2014 07:52,Barcelona,Spain
41.3861198,2.1677902,06/16/2014 08:22,Barcelona,Spain
41.3862752,2.1676836,06/16/2014 08:37,Barcelona,Spain
41.3861019,2.1678045,06/16/2014 08:52,Barcelona,Spain
41.3862769,2.1676855,06/16/2014 09:08,Barcelona,Spain
41.3864628,2.1675437,06/16/2014 09:22,Barcelona,Spain
41.3863274,2.1675963,06/16/2014 09:37,Barcelona,Spain
41.3863087,2.1676396,06/16/2014 10:07,Barcelona,Spain
41.3860716,2.1678442,06/16/2014 10:37,Barcelona,Spain
41.3864438,2.1675452,06/16/2014 10:52,Barcelona,Spain
41.3860371,2.1678666,06/16/2014 11:52,Barcelona,Spain
41.3862944,2.1676565,06/16/2014 12:08,Barcelona,Spain
41.3856626,2.1729526,06/16/2014 12:37,Barcelona,Spain
41.385704,2.1730741,06/16/2014 13:07,Barcelona,Spain
41.3854073,2.1731957,06/16/2014 13:22,Barcelona,Spain
41.3839928,2.1711246,06/16/2014 13:38,Barcelona,Spain
41.38206,2.1715554,06/16/2014 13:52,Barcelona,Spain
41.3860446,2.1678702,06/16/2014 14:22,Barcelona,Spain
41.3864195,2.1675376,06/16/2014 15:07,Barcelona,Spain
41.3864099,2.1675898,06/16/2014 15:37,Barcelona,Spain
41.3859915,2.167856,06/16/2014 16:07,Barcelona,Spain
41.3865633,2.1674579,06/16/2014 16:22,Barcelona,Spain
41.4117404,2.1501468,06/16/2014 17:07,Barcelona,Spain
41.4088214,2.1530521,06/16/2014 18:07,Barcelona,Spain
41.4087045,2.1521359,06/16/2014 18:37,Barcelona,Spain
41.4088497,2.1539744,06/16/2014 18:52,Barcelona,Spain
41.3778305,2.1668823,06/16/2014 19:07,Barcelona,Spain
41.3718303,2.151209,06/16/2014 19:22,Barcelona,Spain
41.3761687,2.157001,06/16/2014 20:07,Barcelona,Spain
41.3696825,2.1532646,06/16/2014 20:22,Barcelona,Spain
41.3720215,2.151667,06/16/2014 20:37,Barcelona,Spain
41.3791315,2.1546313,06/16/2014 20:52,Barcelona,Spain
41.3791135,2.1605179,06/16/2014 21:07,Barcelona,Spain
41.3812939,2.1574744,06/16/2014 22:52,Barcelona,Spain
41.3763793,2.1508768,06/16/2014 23:07,Barcelona,Spain
41.3838652,2.1608127,06/16/2014 23:22,Barcelona,Spain
41.386536,2.1674569,06/16/2014 23:37,Barcelona,Spain
41.3865458,2.1674625,06/16/2014 23:52,Barcelona,Spain
41.3859026,2.1677732,06/17/2014 00:07,Barcelona,Spain
41.3862122,2.1681476,06/17/2014 00:22,Barcelona,Spain
41.3802327,2.1746935,06/17/2014 00:37,Barcelona,Spain
41.3802277,2.1747013,06/17/2014 00:52,Barcelona,Spain
41.3802364,2.1746844,06/17/2014 01:22,Barcelona,Spain
41.3802362,2.1746824,06/17/2014 01:37,Barcelona,Spain
41.3837832,2.171219,06/17/2014 02:22,Barcelona,Spain
41.3859875,2.1678736,06/17/2014 02:37,Barcelona,Spain
41.3860368,2.1678615,06/17/2014 02:52,Barcelona,Spain
41.385947,2.1678117,06/17/2014 03:07,Barcelona,Spain
41.3859799,2.1678858,06/17/2014 04:22,Barcelona,Spain
41.3860111,2.167874,06/17/2014 04:37,Barcelona,Spain
41.3860213,2.1678698,06/17/2014 04:52,Barcelona,Spain
41.3859812,2.1678656,06/17/2014 05:22,Barcelona,Spain
41.3861134,2.1678387,06/17/2014 06:07,Barcelona,Spain
41.3860313,2.1678107,06/17/2014 06:22,Barcelona,Spain
41.385959,2.1678418,06/17/2014 06:37,Barcelona,Spain
41.3860013,2.1678423,06/17/2014 07:07,Barcelona,Spain
41.3860103,2.1678007,06/17/2014 07:22,Barcelona,Spain
41.3865154,2.1675281,06/17/2014 07:37,Barcelona,Spain
41.3823971,2.1662152,06/17/2014 07:52,Barcelona,Spain
41.3859668,2.167801,06/17/2014 08:07,Barcelona,Spain
41.3823582,2.1660526,06/17/2014 08:22,Barcelona,Spain
41.3860496,2.1677936,06/17/2014 08:37,Barcelona,Spain
41.3865407,2.1674402,06/17/2014 09:07,Barcelona,Spain
41.3865458,2.1674573,06/17/2014 09:22,Barcelona,Spain
41.3860451,2.1678653,06/17/2014 09:37,Barcelona,Spain
41.3863417,2.1675554,06/17/2014 09:52,Barcelona,Spain
41.3862653,2.1677254,06/17/2014 10:22,Barcelona,Spain
41.3862601,2.167705,06/17/2014 10:37,Barcelona,Spain
41.3858601,2.1678882,06/17/2014 10:52,Barcelona,Spain
41.3777365,2.1913935,06/17/2014 13:37,Barcelona,Spain
41.3771351,2.1905134,06/17/2014 14:07,Barcelona,Spain
41.3736929,2.1902022,06/17/2014 15:22,Barcelona,Spain
41.3778458,2.1916134,06/17/2014 16:07,Barcelona,Spain
41.3736307,2.1901345,06/17/2014 16:22,Barcelona,Spain
41.3783014,2.1874433,06/17/2014 16:37,Barcelona,Spain
41.3863527,2.1756612,06/17/2014 16:52,Barcelona,Spain
41.3862361,2.1676899,06/17/2014 17:07,Barcelona,Spain
41.3860533,2.1678349,06/17/2014 17:22,Barcelona,Spain
41.386233,2.167725,06/17/2014 17:37,Barcelona,Spain
41.3860541,2.1678512,06/17/2014 17:52,Barcelona,Spain
41.3865505,2.1674287,06/17/2014 18:21,Barcelona,Spain
41.3865218,2.1674329,06/17/2014 18:36,Barcelona,Spain
41.3865449,2.1674368,06/17/2014 19:07,Barcelona,Spain
41.3865468,2.1674327,06/17/2014 19:21,Barcelona,Spain
41.3888287,2.1693721,06/17/2014 19:36,Barcelona,Spain
41.3865164,2.167445,06/17/2014 19:51,Barcelona,Spain
41.3865278,2.1674467,06/17/2014 20:36,Barcelona,Spain
41.3865429,2.1674325,06/17/2014 20:51,Barcelona,Spain
41.3865045,2.1674393,06/17/2014 21:37,Barcelona,Spain
41.3865184,2.1674304,06/17/2014 21:52,Barcelona,Spain
41.3865141,2.1674273,06/17/2014 22:21,Barcelona,Spain
41.3865141,2.1674211,06/17/2014 22:37,Barcelona,Spain
41.3860467,2.1678549,06/17/2014 22:52,Barcelona,Spain
41.3862807,2.167676,06/17/2014 23:06,Barcelona,Spain
41.3860116,2.167829,06/17/2014 23:36,Barcelona,Spain
41.3860072,2.1679066,06/18/2014 00:06,Barcelona,Spain
41.386009,2.1678488,06/18/2014 00:22,Barcelona,Spain
41.3859761,2.1678838,06/18/2014 00:52,Barcelona,Spain
41.3859587,2.1678563,06/18/2014 01:06,Barcelona,Spain
41.3859958,2.1678261,06/18/2014 01:21,Barcelona,Spain
41.3863034,2.1675795,06/18/2014 01:36,Barcelona,Spain
41.3865002,2.1675351,06/18/2014 02:22,Barcelona,Spain
41.3864642,2.1675663,06/18/2014 02:36,Barcelona,Spain
41.386983,2.1681868,06/18/2014 02:51,Barcelona,Spain
41.3862739,2.1676803,06/18/2014 03:06,Barcelona,Spain
41.3863118,2.1675993,06/18/2014 03:36,Barcelona,Spain
41.3863308,2.1676022,06/18/2014 04:38,Barcelona,Spain
41.3862724,2.1676586,06/18/2014 04:52,Barcelona,Spain
41.386288,2.167621,06/18/2014 05:06,Barcelona,Spain
41.3862752,2.1676414,06/18/2014 05:37,Barcelona,Spain
41.3862459,2.1676872,06/18/2014 06:07,Barcelona,Spain
41.3862379,2.1676359,06/18/2014 06:36,Barcelona,Spain
41.3862626,2.1676876,06/18/2014 06:52,Barcelona,Spain
41.3862431,2.1677614,06/18/2014 07:22,Barcelona,Spain
41.3860834,2.1678095,06/18/2014 07:36,Barcelona,Spain
41.3859829,2.1678489,06/18/2014 08:06,Barcelona,Spain
41.3824144,2.1661886,06/18/2014 08:22,Barcelona,Spain
41.3863458,2.1675662,06/18/2014 08:37,Barcelona,Spain
41.3863979,2.167648,06/18/2014 08:52,Barcelona,Spain
41.3862525,2.1676439,06/18/2014 09:06,Barcelona,Spain
41.3862814,2.167653,06/18/2014 09:21,Barcelona,Spain
41.3862581,2.1676248,06/18/2014 09:37,Barcelona,Spain
41.3863814,2.1675915,06/18/2014 09:51,Barcelona,Spain
41.3863282,2.1676054,06/18/2014 10:06,Barcelona,Spain
41.3862064,2.1676983,06/18/2014 10:36,Barcelona,Spain
41.386014,2.1677783,06/18/2014 11:37,Barcelona,Spain
41.3864505,2.1675805,06/18/2014 11:51,Barcelona,Spain
41.3862536,2.1676932,06/18/2014 12:23,Barcelona,Spain
41.3859505,2.1678826,06/18/2014 12:52,Barcelona,Spain
41.3864492,2.1674956,06/18/2014 13:06,Barcelona,Spain
41.3814424,2.1599304,06/18/2014 13:21,Barcelona,Spain
41.3799585,2.1581939,06/18/2014 13:37,Barcelona,Spain
41.3799811,2.158282,06/18/2014 14:07,Barcelona,Spain
41.3796296,2.1577209,06/18/2014 14:22,Barcelona,Spain
41.3858339,2.1673045,06/18/2014 14:52,Barcelona,Spain
41.3859787,2.1679175,06/18/2014 15:06,Barcelona,Spain
41.3862134,2.1676577,06/18/2014 15:21,Barcelona,Spain
41.3863481,2.1676113,06/18/2014 16:37,Barcelona,Spain
41.3861794,2.1677949,06/18/2014 17:06,Barcelona,Spain
41.3860251,2.1678726,06/18/2014 17:21,Barcelona,Spain
41.3860004,2.167854,06/18/2014 17:36,Barcelona,Spain
41.3863898,2.167608,06/18/2014 17:51,Barcelona,Spain
41.3859948,2.167866,06/18/2014 18:07,Barcelona,Spain
41.3859985,2.1678508,06/18/2014 18:21,Barcelona,Spain
41.3862381,2.1676702,06/18/2014 18:36,Barcelona,Spain
41.3862072,2.1677349,06/18/2014 18:51,Barcelona,Spain
41.3872307,2.1689573,06/18/2014 19:06,Barcelona,Spain
41.3816094,2.1728764,06/18/2014 19:21,Barcelona,Spain
41.3824853,2.1721142,06/18/2014 19:36,Barcelona,Spain
41.3864399,2.1675391,06/18/2014 19:51,Barcelona,Spain
41.3859114,2.1657698,06/18/2014 20:06,Barcelona,Spain
41.3830525,2.1707365,06/18/2014 20:36,Barcelona,Spain
41.3859887,2.1679469,06/18/2014 20:51,Barcelona,Spain
41.3864699,2.1673942,06/18/2014 21:21,Barcelona,Spain
41.3865287,2.1674467,06/18/2014 22:22,Barcelona,Spain
41.3865671,2.1674538,06/18/2014 22:36,Barcelona,Spain
41.3863418,2.1675658,06/18/2014 22:51,Barcelona,Spain
41.3862007,2.1676352,06/18/2014 23:07,Barcelona,Spain
41.3864279,2.1675786,06/18/2014 23:37,Barcelona,Spain
41.3863174,2.1675971,06/19/2014 00:22,Barcelona,Spain
41.3860239,2.1678521,06/19/2014 00:51,Barcelona,Spain
41.3859581,2.1677956,06/19/2014 01:07,Barcelona,Spain
41.3862578,2.1676911,06/19/2014 02:08,Barcelona,Spain
41.3859848,2.1677985,06/19/2014 03:07,Barcelona,Spain
41.3862707,2.1676453,06/19/2014 05:07,Barcelona,Spain
41.3862769,2.1676293,06/19/2014 05:36,Barcelona,Spain
41.3862959,2.1676354,06/19/2014 05:51,Barcelona,Spain
41.3862633,2.1677269,06/19/2014 06:07,Barcelona,Spain
41.3862871,2.1676648,06/19/2014 06:22,Barcelona,Spain
41.3862776,2.1676132,06/19/2014 06:36,Barcelona,Spain
41.3863254,2.1676014,06/19/2014 06:51,Barcelona,Spain
41.3862794,2.1676535,06/19/2014 07:07,Barcelona,Spain
41.3863443,2.1675586,06/19/2014 07:39,Barcelona,Spain
41.3864988,2.16748,06/19/2014 07:52,Barcelona,Spain
41.3865535,2.1674431,06/19/2014 08:06,Barcelona,Spain
41.386335,2.1675853,06/19/2014 08:21,Barcelona,Spain
41.3860046,2.1678609,06/19/2014 08:36,Barcelona,Spain
41.3865576,2.1673991,06/19/2014 09:07,Barcelona,Spain
41.3865527,2.167427,06/19/2014 09:21,Barcelona,Spain
41.3865696,2.1674282,06/19/2014 09:36,Barcelona,Spain
41.3865607,2.167414,06/19/2014 09:53,Barcelona,Spain
41.3865537,2.1674227,06/19/2014 10:07,Barcelona,Spain
41.3863944,2.1674796,06/19/2014 11:06,Barcelona,Spain
41.3865623,2.167438,06/19/2014 11:24,Barcelona,Spain
41.3847759,2.1740645,06/19/2014 11:36,Barcelona,Spain
41.3839656,2.1785923,06/19/2014 11:51,Barcelona,Spain
41.3839311,2.1775369,06/19/2014 12:06,Barcelona,Spain
41.3846221,2.1752406,06/19/2014 12:23,Barcelona,Spain
41.3841221,2.173387,06/19/2014 12:37,Barcelona,Spain
41.3824859,2.1738174,06/19/2014 12:51,Barcelona,Spain
41.3833201,2.17519,06/19/2014 13:07,Barcelona,Spain
41.3828638,2.1770275,06/19/2014 13:22,Barcelona,Spain
41.3837978,2.1796277,06/19/2014 13:36,Barcelona,Spain
41.3834626,2.1816778,06/19/2014 14:07,Barcelona,Spain
41.3895376,2.1841327,06/19/2014 14:22,Barcelona,Spain
41.390089,2.1818757,06/19/2014 14:36,Barcelona,Spain
41.3900932,2.1724685,06/19/2014 15:06,Barcelona,Spain
41.3912195,2.166509,06/19/2014 15:21,Barcelona,Spain
41.3868326,2.1685344,06/19/2014 16:06,Barcelona,Spain
41.3865132,2.1674633,06/19/2014 16:21,Barcelona,Spain
41.3865005,2.1674577,06/19/2014 16:37,Barcelona,Spain
41.3861955,2.1677496,06/19/2014 16:51,Barcelona,Spain
41.3861741,2.1677472,06/19/2014 17:06,Barcelona,Spain
41.3862856,2.1676588,06/19/2014 17:21,Barcelona,Spain
41.3865427,2.1674433,06/19/2014 17:36,Barcelona,Spain
41.3865208,2.1674569,06/19/2014 17:51,Barcelona,Spain
41.3865481,2.1674547,06/19/2014 18:06,Barcelona,Spain
41.3865645,2.1674253,06/19/2014 18:21,Barcelona,Spain
41.3865288,2.1674599,06/19/2014 18:36,Barcelona,Spain
41.3802229,2.1547776,06/19/2014 18:51,Barcelona,Spain
41.3771471,2.151111,06/19/2014 19:06,Barcelona,Spain
41.3771274,2.1517042,06/19/2014 19:36,Barcelona,Spain
41.3770877,2.1516071,06/19/2014 20:21,Barcelona,Spain
41.3771484,2.1511454,06/19/2014 20:36,Barcelona,Spain
41.3771103,2.1507479,06/19/2014 21:22,Barcelona,Spain
41.3771032,2.15071,06/19/2014 21:51,Barcelona,Spain
41.3771035,2.1507101,06/19/2014 22:21,Barcelona,Spain
41.3771169,2.1509707,06/19/2014 22:36,Barcelona,Spain
41.3771439,2.1511261,06/19/2014 23:06,Barcelona,Spain
41.3775419,2.1497252,06/20/2014 09:21,Barcelona,Spain
41.3770699,2.151859,06/20/2014 10:06,Barcelona,Spain
41.3771386,2.1511097,06/20/2014 10:12,Barcelona,Spain
41.3771566,2.15113,06/20/2014 10:27,Barcelona,Spain
41.3771168,2.1508227,06/20/2014 11:27,Barcelona,Spain
41.3771094,2.1511604,06/20/2014 13:27,Barcelona,Spain
41.3771476,2.1511306,06/20/2014 15:15,Barcelona,Spain
41.3771084,2.1511033,06/20/2014 15:30,Barcelona,Spain
41.3771171,2.1508035,06/20/2014 15:59,Barcelona,Spain
41.3809793,2.1545717,06/20/2014 16:15,Barcelona,Spain
41.3827359,2.1555174,06/20/2014 16:30,Barcelona,Spain
41.3809203,2.1544305,06/20/2014 17:00,Barcelona,Spain
41.3787991,2.1518176,06/20/2014 18:00,Barcelona,Spain
41.3763312,2.1503155,06/20/2014 18:14,Barcelona,Spain
41.3029568,2.0752217,06/20/2014 18:59,Barcelona,Spain
41.2947605,2.0597215,06/20/2014 22:15,Viladecans,Spain
41.3044211,2.0629379,06/20/2014 23:14,El Prat de Llobregat,Spain
44.8211643,20.2898206,06/21/2014 01:59,Belgrade,Serbia
44.8142628,20.463396,06/21/2014 02:29,Belgrade,Serbia
44.8142371,20.463395,06/21/2014 04:29,Belgrade,Serbia
44.8142597,20.4634413,06/21/2014 05:30,Belgrade,Serbia
44.8142553,20.4634126,06/21/2014 08:00,Belgrade,Serbia
44.8147632,20.4629939,06/21/2014 10:14,Belgrade,Serbia
44.8142567,20.4634362,06/21/2014 13:29,Belgrade,Serbia
44.8142458,20.4634232,06/21/2014 13:45,Belgrade,Serbia
44.8142425,20.463396,06/21/2014 15:29,Belgrade,Serbia
44.8176896,20.4640905,06/21/2014 17:29,Belgrade,Serbia
44.8204136,20.4634652,06/21/2014 18:44,Belgrade,Serbia
44.8142513,20.4634125,06/21/2014 19:30,Belgrade,Serbia
44.8142371,20.4633921,06/21/2014 22:14,Belgrade,Serbia
44.814209,20.4634006,06/22/2014 05:14,Belgrade,Serbia
44.7615833,19.5779042,06/22/2014 07:58,Slepčević,Serbia
43.8595184,18.4259447,06/22/2014 14:27,Sarajevo,Bosnia and Herzegovina
43.859512,18.4258652,06/22/2014 15:12,Sarajevo,Bosnia and Herzegovina
43.8595208,18.425898,06/22/2014 19:12,Sarajevo,Bosnia and Herzegovina
43.8594718,18.4259659,06/22/2014 19:27,Sarajevo,Bosnia and Herzegovina
43.8594591,18.4259616,06/22/2014 21:12,Sarajevo,Bosnia and Herzegovina
43.8595343,18.4259077,06/22/2014 22:12,Sarajevo,Bosnia and Herzegovina
43.8595286,18.4259094,06/22/2014 22:42,Sarajevo,Bosnia and Herzegovina
43.8595216,18.4259443,06/22/2014 23:57,Sarajevo,Bosnia and Herzegovina
43.8595327,18.425908,06/23/2014 06:42,Sarajevo,Bosnia and Herzegovina
43.8595138,18.4259634,06/23/2014 06:57,Sarajevo,Bosnia and Herzegovina
43.8595181,18.4259234,06/23/2014 07:12,Sarajevo,Bosnia and Herzegovina
43.859502,18.4259534,06/23/2014 07:42,Sarajevo,Bosnia and Herzegovina
43.8595203,18.425885,06/23/2014 08:27,Sarajevo,Bosnia and Herzegovina
43.8595264,18.4258718,06/23/2014 12:57,Sarajevo,Bosnia and Herzegovina
43.8585619,18.3974783,06/23/2014 14:12,Sarajevo,Bosnia and Herzegovina
43.3457596,17.8116914,06/23/2014 17:57,Mostar,Bosnia and Herzegovina
43.337605,17.8132777,06/23/2014 19:12,Mostar,Bosnia and Herzegovina
43.3457469,17.8116299,06/23/2014 20:57,Mostar,Bosnia and Herzegovina
43.3457592,17.8116752,06/23/2014 21:57,Mostar,Bosnia and Herzegovina
43.3457908,17.8115063,06/23/2014 23:12,Mostar,Bosnia and Herzegovina
43.3457677,17.8114806,06/24/2014 07:12,Mostar,Bosnia and Herzegovina
43.3457548,17.8114726,06/24/2014 07:57,Mostar,Bosnia and Herzegovina
43.3456864,17.8114795,06/24/2014 08:05,Mostar,Bosnia and Herzegovina
43.3457264,17.8114599,06/24/2014 10:19,Mostar,Bosnia and Herzegovina
43.0494048,17.4348518,06/24/2014 13:49,Ploče,Croatia
43.5111015,16.4362152,06/24/2014 17:04,Split,Croatia
43.5076948,16.434215,06/24/2014 18:05,Split,Croatia
43.5109954,16.4363287,06/24/2014 19:19,Split,Croatia
43.5111074,16.4362753,06/24/2014 19:34,Split,Croatia
43.5111473,16.436337,06/24/2014 19:49,Split,Croatia
43.5110921,16.4362526,06/24/2014 20:05,Split,Croatia
43.5111082,16.4362504,06/24/2014 20:19,Split,Croatia
43.511113,16.4361904,06/24/2014 21:35,Split,Croatia
43.5111132,16.4361962,06/24/2014 22:20,Split,Croatia
43.5111256,16.4361599,06/25/2014 02:57,Split,Croatia
43.5111267,16.4361521,06/25/2014 05:26,Split,Croatia
43.5111297,16.4361413,06/25/2014 10:11,Split,Croatia
43.511093,16.4362368,06/25/2014 13:41,Split,Croatia
43.5076999,16.4341957,06/25/2014 16:56,Split,Croatia
43.5077013,16.434201,06/25/2014 17:41,Split,Croatia
43.5111017,16.4362409,06/25/2014 18:58,Split,Croatia
43.5111004,16.4361656,06/25/2014 20:40,Split,Croatia
43.511184,16.4363305,06/25/2014 20:55,Split,Croatia
43.5111368,16.4361425,06/25/2014 22:40,Split,Croatia
43.5111198,16.4361526,06/25/2014 23:23,Split,Croatia
43.5111182,16.4361553,06/26/2014 01:38,Split,Croatia
43.5111277,16.4361242,06/26/2014 06:08,Split,Croatia
43.504722,16.4435322,06/26/2014 13:43,Split,Croatia
42.91172,17.6277803,06/26/2014 16:57,Herzegovina-Neretva Canton,Bosnia and Herzegovina
42.9118892,17.627881,06/26/2014 17:12,Herzegovina-Neretva Canton,Bosnia and Herzegovina
42.6610635,18.0853688,06/26/2014 18:42,Dubrovnik,Croatia
42.661302,18.085427,06/26/2014 19:15,Dubrovnik,Croatia
42.66109,18.0853503,06/26/2014 21:00,Dubrovnik,Croatia
42.6613866,18.0854715,06/27/2014 06:15,Dubrovnik,Croatia
42.6613043,18.0845563,06/27/2014 07:15,Dubrovnik,Croatia
42.6608449,18.0853275,06/27/2014 15:55,Dubrovnik,Croatia
42.4234482,18.7716196,06/27/2014 20:01,Kotor,Montenegro
42.4233194,18.7716159,06/27/2014 20:16,Kotor,Montenegro
42.4237727,18.771453,06/27/2014 20:40,Kotor,Montenegro
42.4234261,18.7716538,06/27/2014 21:39,Kotor,Montenegro
42.4234301,18.7716559,06/27/2014 21:54,Kotor,Montenegro
42.4233922,18.7715764,06/27/2014 22:24,Kotor,Montenegro
42.4234174,18.7716171,06/27/2014 22:39,Kotor,Montenegro
42.4233868,18.7716114,06/27/2014 23:24,Kotor,Montenegro
42.4233025,18.7716497,06/27/2014 23:39,Kotor,Montenegro
42.4234054,18.7716013,06/28/2014 00:09,Kotor,Montenegro
42.4234011,18.7716033,06/28/2014 02:39,Kotor,Montenegro
42.4233679,18.7716465,06/28/2014 03:09,Kotor,Montenegro
42.4234072,18.7715751,06/28/2014 03:39,Kotor,Montenegro
42.423295,18.7716171,06/28/2014 05:09,Kotor,Montenegro
42.4233443,18.7716019,06/28/2014 07:09,Kotor,Montenegro
42.4234302,18.771597,06/28/2014 07:24,Kotor,Montenegro
42.4237258,18.7714654,06/28/2014 07:39,Kotor,Montenegro
42.4237473,18.7714945,06/28/2014 07:54,Kotor,Montenegro
42.4234297,18.7715946,06/28/2014 08:09,Kotor,Montenegro
42.4234272,18.7716183,06/28/2014 08:39,Kotor,Montenegro
42.4233975,18.7716213,06/28/2014 11:54,Kotor,Montenegro
42.4234409,18.7716069,06/28/2014 12:54,Kotor,Montenegro
42.4234241,18.7715432,06/28/2014 13:24,Kotor,Montenegro
42.4234755,18.7716733,06/28/2014 14:08,Kotor,Montenegro
42.4234394,18.7715774,06/28/2014 14:39,Kotor,Montenegro
42.4234165,18.7717084,06/28/2014 14:54,Kotor,Montenegro
42.4233909,18.7716372,06/28/2014 15:09,Kotor,Montenegro
42.4244097,18.771216,06/28/2014 15:24,Kotor,Montenegro
42.4243761,18.7712519,06/28/2014 15:39,Kotor,Montenegro
42.4236628,18.7715013,06/28/2014 16:39,Kotor,Montenegro
42.423744,18.7715136,06/28/2014 16:53,Kotor,Montenegro
42.4237532,18.7714563,06/28/2014 17:09,Kotor,Montenegro
42.4234011,18.7715222,06/28/2014 17:24,Kotor,Montenegro
42.4234244,18.7716344,06/28/2014 17:39,Kotor,Montenegro
42.4234559,18.7716194,06/28/2014 17:54,Kotor,Montenegro
42.4234499,18.7715922,06/28/2014 18:09,Kotor,Montenegro
42.4234584,18.7716387,06/28/2014 19:39,Kotor,Montenegro
42.4234215,18.7715348,06/28/2014 19:54,Kotor,Montenegro
42.4234462,18.7715898,06/28/2014 20:09,Kotor,Montenegro
42.423446,18.7715791,06/28/2014 20:54,Kotor,Montenegro
42.4234614,18.771572,06/28/2014 21:09,Kotor,Montenegro
42.423423,18.7715916,06/28/2014 21:24,Kotor,Montenegro
42.4234442,18.7716101,06/28/2014 21:54,Kotor,Montenegro
42.4234365,18.7716226,06/28/2014 22:09,Kotor,Montenegro
42.4234394,18.7716088,06/28/2014 22:24,Kotor,Montenegro
42.4234294,18.7716161,06/28/2014 22:53,Kotor,Montenegro
42.423449,18.7716026,06/28/2014 23:24,Kotor,Montenegro
42.4234245,18.7716226,06/29/2014 00:54,Kotor,Montenegro
42.4234094,18.7716178,06/29/2014 01:24,Kotor,Montenegro
42.4234242,18.7716749,06/29/2014 02:24,Kotor,Montenegro
42.4234417,18.7715993,06/29/2014 02:38,Kotor,Montenegro
42.2082015,20.736022,06/29/2014 13:09,Prizren,Kosovo
42.2082233,20.7361144,06/29/2014 13:38,Prizren,Kosovo
42.2081913,20.7361949,06/29/2014 13:54,Prizren,Kosovo
42.2083089,20.7361563,06/29/2014 14:24,Prizren,Kosovo
42.2084254,20.7395629,06/29/2014 15:39,Prizren,Kosovo
42.2085278,20.7398015,06/29/2014 16:54,Prizren,Kosovo
42.209131,20.7407639,06/29/2014 17:08,Prizren,Kosovo
42.2090796,20.7407277,06/29/2014 17:54,Prizren,Kosovo
42.2086493,20.7411046,06/29/2014 19:09,Prizren,Kosovo
42.2086017,20.7398553,06/29/2014 19:39,Prizren,Kosovo
42.2085916,20.7399112,06/29/2014 19:54,Prizren,Kosovo
42.2081099,20.7360032,06/29/2014 20:39,Prizren,Kosovo
42.2082824,20.7361781,06/29/2014 22:24,Prizren,Kosovo
42.2081748,20.7361328,06/29/2014 22:39,Prizren,Kosovo
42.2082116,20.7361273,06/29/2014 23:24,Prizren,Kosovo
42.2081885,20.7360315,06/30/2014 08:12,Prizren,Kosovo
42.2082011,20.7359929,06/30/2014 08:27,Prizren,Kosovo
42.2081564,20.7361502,06/30/2014 10:11,Prizren,Kosovo
42.2085486,20.7399659,06/30/2014 14:12,Prizren,Kosovo
42.2081636,20.7360462,06/30/2014 15:57,Prizren,Kosovo
42.2084499,20.7396748,06/30/2014 16:56,Prizren,Kosovo
42.2096308,20.741421,06/30/2014 17:56,Prizren,Kosovo
42.208071,20.7360629,06/30/2014 18:12,Prizren,Kosovo
42.2083035,20.7361782,06/30/2014 18:27,Prizren,Kosovo
42.2081892,20.7360624,06/30/2014 19:11,Prizren,Kosovo
42.2082292,20.7360582,06/30/2014 20:26,Prizren,Kosovo
42.2086555,20.7412135,06/30/2014 21:42,Prizren,Kosovo
42.2081268,20.7360588,06/30/2014 22:11,Prizren,Kosovo
42.2081897,20.7361081,06/30/2014 22:27,Prizren,Kosovo
42.2082814,20.7360919,07/01/2014 05:57,Prizren,Kosovo
41.1143363,20.7987999,07/01/2014 14:57,Ohrid,Macedonia (FYROM)
41.1143159,20.7986329,07/01/2014 15:11,Ohrid,Macedonia (FYROM)
41.1143637,20.7989627,07/01/2014 18:56,Ohrid,Macedonia (FYROM)
41.1143212,20.7990093,07/01/2014 19:42,Ohrid,Macedonia (FYROM)
41.1143575,20.7990312,07/01/2014 21:42,Ohrid,Macedonia (FYROM)
41.1143291,20.7988628,07/01/2014 22:27,Ohrid,Macedonia (FYROM)
41.1143434,20.7989023,07/01/2014 22:56,Ohrid,Macedonia (FYROM)
41.1143271,20.7987474,07/02/2014 00:57,Ohrid,Macedonia (FYROM)
41.1143449,20.7987418,07/02/2014 02:27,Ohrid,Macedonia (FYROM)
41.114326,20.7988869,07/02/2014 03:57,Ohrid,Macedonia (FYROM)
41.1143406,20.7987976,07/02/2014 04:41,Ohrid,Macedonia (FYROM)
41.1143603,20.79885,07/02/2014 06:11,Ohrid,Macedonia (FYROM)
41.1143075,20.7987693,07/02/2014 08:11,Ohrid,Macedonia (FYROM)
41.1142543,20.7989775,07/02/2014 11:11,Ohrid,Macedonia (FYROM)
41.1110618,20.7902379,07/02/2014 11:56,Ohrid,Macedonia (FYROM)
41.1110718,20.7901855,07/02/2014 12:12,Ohrid,Macedonia (FYROM)
41.1110614,20.7902304,07/02/2014 14:41,Ohrid,Macedonia (FYROM)
41.1142974,20.7989275,07/02/2014 15:12,Ohrid,Macedonia (FYROM)
41.1142748,20.798711,07/02/2014 15:26,Ohrid,Macedonia (FYROM)
41.1143281,20.7990851,07/02/2014 16:12,Ohrid,Macedonia (FYROM)
41.1143143,20.7990369,07/02/2014 16:42,Ohrid,Macedonia (FYROM)
41.1143509,20.7990645,07/02/2014 16:56,Ohrid,Macedonia (FYROM)
41.1167919,20.7987553,07/02/2014 17:42,Ohrid,Macedonia (FYROM)
41.1168088,20.7986566,07/02/2014 17:56,Ohrid,Macedonia (FYROM)
41.1143546,20.7988819,07/02/2014 18:57,Ohrid,Macedonia (FYROM)
41.1142957,20.798849,07/02/2014 19:12,Ohrid,Macedonia (FYROM)
41.1142821,20.7988735,07/02/2014 19:27,Ohrid,Macedonia (FYROM)
41.1143735,20.7989715,07/02/2014 19:57,Ohrid,Macedonia (FYROM)
41.114341,20.7988283,07/02/2014 20:26,Ohrid,Macedonia (FYROM)
41.11437,20.7988534,07/02/2014 21:12,Ohrid,Macedonia (FYROM)
41.1142981,20.798845,07/02/2014 21:26,Ohrid,Macedonia (FYROM)
41.1143046,20.7988554,07/02/2014 22:12,Ohrid,Macedonia (FYROM)
41.1142578,20.7986747,07/02/2014 22:41,Ohrid,Macedonia (FYROM)
41.1143058,20.7988175,07/03/2014 05:12,Ohrid,Macedonia (FYROM)
40.7021955,19.9464309,07/03/2014 14:41,Berat,Albania
40.7021939,19.9464281,07/03/2014 14:56,Berat,Albania
40.7021938,19.9464287,07/03/2014 19:29,Berat,Albania
40.7021952,19.9464297,07/03/2014 19:43,Berat,Albania
40.7021942,19.9464287,07/03/2014 19:58,Berat,Albania
40.7021956,19.9464309,07/03/2014 20:29,Berat,Albania
40.7021937,19.9464286,07/03/2014 20:44,Berat,Albania
40.7021815,19.9463338,07/03/2014 20:59,Berat,Albania
40.7021803,19.946347,07/03/2014 21:14,Berat,Albania
40.7021801,19.946316,07/03/2014 21:30,Berat,Albania
40.7021817,19.9463267,07/03/2014 21:44,Berat,Albania
40.7021796,19.9463533,07/03/2014 21:59,Berat,Albania
40.7021938,19.9464288,07/03/2014 22:14,Berat,Albania
40.7021943,19.9464313,07/03/2014 22:29,Berat,Albania
40.7021954,19.9464308,07/03/2014 22:59,Berat,Albania
40.7021947,19.9464318,07/03/2014 23:14,Berat,Albania
40.7021939,19.9464281,07/04/2014 03:14,Berat,Albania
40.702194,19.9464286,07/04/2014 05:29,Berat,Albania
40.7021937,19.9464285,07/04/2014 07:28,Berat,Albania
40.7021838,19.9462882,07/04/2014 08:14,Berat,Albania
40.702194,19.9464287,07/04/2014 08:30,Berat,Albania
40.7021792,19.9464004,07/04/2014 08:44,Berat,Albania
40.7021939,19.9464291,07/04/2014 11:29,Berat,Albania
40.702195,19.9464294,07/04/2014 11:44,Berat,Albania
40.7021807,19.9463701,07/04/2014 12:14,Berat,Albania
40.7021944,19.9464318,07/04/2014 12:58,Berat,Albania
40.7039459,19.9533646,07/04/2014 13:24,Berat,Albania
40.1878266,20.0793039,07/04/2014 17:39,Gjirokastër,Albania
40.1878246,20.0793033,07/04/2014 17:42,Gjirokastër,Albania
39.9111658,20.3618013,07/04/2014 20:49,Kakavia,Greece
39.0400212,21.1200769,07/04/2014 23:58,Dytiki Ellada,Greece
38.55833199,21.26011286,07/05/2014 00:50,Dytiki Ellada,Greece
38.4890041,21.3400313,07/05/2014 00:52,Dytiki Ellada,Greece
38.54147934,21.28409073,07/05/2014 00:52,Dytiki Ellada,Greece
38.3747898,21.6339311,07/05/2014 01:31,Dytiki Ellada,Greece
38.3747684,21.6339475,07/05/2014 01:32,Dytiki Ellada,Greece
38.3747664,21.6339471,07/05/2014 01:33,Dytiki Ellada,Greece
38.3747875,21.633931,07/05/2014 01:36,Dytiki Ellada,Greece
38.1490189,22.3514213,07/05/2014 03:06,Dytiki Ellada,Greece
37.921659,22.929848,07/05/2014 03:52,Peloponnese,Greece
37.96766891,23.72920298,07/05/2014 05:32,Athens,Greece
37.9682968,23.729191,07/05/2014 07:17,Athens,Greece
37.9686369,23.7317783,07/05/2014 07:31,Athens,Greece
37.9688425,23.7375,07/05/2014 07:47,Athens,Greece
37.9700731,23.7401936,07/05/2014 08:02,Athens,Greece
37.9720792,23.733686,07/05/2014 08:17,Athens,Greece
37.9758167,23.7356097,07/05/2014 08:32,Athens,Greece
37.9755988,23.7346204,07/05/2014 08:46,Athens,Greece
37.9763044,23.7287133,07/05/2014 09:01,Athens,Greece
37.9762192,23.7267812,07/05/2014 09:17,Athens,Greece
37.9765965,23.725825,07/05/2014 09:30,Athens,Greece
37.9747424,23.7247172,07/05/2014 09:48,Athens,Greece
37.9767907,23.7259763,07/05/2014 10:01,Athens,Greece
37.9671963,23.7284495,07/05/2014 12:52,Athens,Greece
37.9685356,23.727942,07/05/2014 13:50,Athens,Greece
37.9688762,23.7281395,07/05/2014 14:05,Athens,Greece
37.9701252,23.7285451,07/05/2014 14:20,Athens,Greece
37.97175634,23.72589367,07/05/2014 14:36,Athens,Greece
37.9720922,23.7289803,07/05/2014 14:50,Athens,Greece
37.9667664,23.7278716,07/05/2014 15:05,Athens,Greece
37.9713652,23.7236495,07/05/2014 15:35,Athens,Greece
37.9758867,23.7241544,07/05/2014 15:50,Athens,Greece
37.9772489,23.7231517,07/05/2014 16:05,Athens,Greece
37.9704348,23.7198505,07/05/2014 16:35,Athens,Greece
37.9743998,23.7196783,07/05/2014 16:50,Athens,Greece
37.9693647,23.723635,07/05/2014 17:50,Athens,Greece
37.9692997,23.7329933,07/05/2014 18:21,Athens,Greece
37.967217,23.7284915,07/05/2014 19:35,Athens,Greece
37.9672278,23.7284826,07/05/2014 20:05,Athens,Greece
37.9672084,23.7284791,07/05/2014 20:20,Athens,Greece
37.9672257,23.7284896,07/05/2014 20:35,Athens,Greece
37.9672105,23.7284766,07/05/2014 20:50,Athens,Greece
37.9672144,23.7284955,07/05/2014 21:05,Athens,Greece
37.9672177,23.7284984,07/05/2014 21:20,Athens,Greece
37.9671985,23.7284931,07/05/2014 21:50,Athens,Greece
37.9672202,23.7285048,07/05/2014 22:05,Athens,Greece
37.9672049,23.7285091,07/05/2014 22:20,Athens,Greece
37.9672243,23.7284976,07/05/2014 22:35,Athens,Greece
37.9672253,23.728485,07/05/2014 22:50,Athens,Greece
37.9672111,23.7284896,07/05/2014 23:20,Athens,Greece
37.967221,23.7285007,07/05/2014 23:35,Athens,Greece
37.9672103,23.7284929,07/05/2014 23:50,Athens,Greece
37.9672069,23.7285041,07/06/2014 00:05,Athens,Greece
37.9672152,23.7284958,07/06/2014 00:35,Athens,Greece
37.9672248,23.7284963,07/06/2014 01:05,Athens,Greece
37.9672162,23.7284926,07/06/2014 01:20,Athens,Greece
37.9672066,23.7284601,07/06/2014 01:35,Athens,Greece
37.9672269,23.7285194,07/06/2014 02:05,Athens,Greece
37.9672094,23.7284671,07/06/2014 02:35,Athens,Greece
37.9672254,23.7285122,07/06/2014 03:05,Athens,Greece
37.9672153,23.728503,07/06/2014 03:35,Athens,Greece
37.9672182,23.7284817,07/06/2014 04:35,Athens,Greece
37.9672119,23.7284703,07/06/2014 05:05,Athens,Greece
37.9672151,23.7285058,07/06/2014 05:35,Athens,Greece
37.9672276,23.7284712,07/06/2014 05:50,Athens,Greece
37.9672066,23.728485,07/06/2014 06:20,Athens,Greece
37.9672085,23.7285126,07/06/2014 06:50,Athens,Greece
37.967212,23.7284926,07/06/2014 07:20,Athens,Greece
37.9672353,23.728487,07/06/2014 07:35,Athens,Greece
37.9892244,23.7315974,07/06/2014 09:26,Athens,Greece
37.9892248,23.7315976,07/06/2014 10:42,Athens,Greece
37.9672096,23.7285095,07/06/2014 13:12,Athens,Greece
37.9671899,23.7285362,07/06/2014 13:27,Athens,Greece
37.9671937,23.7284965,07/06/2014 13:42,Athens,Greece
37.9686699,23.7282983,07/06/2014 14:12,Athens,Greece
37.9672018,23.7284295,07/06/2014 15:27,Athens,Greece
37.975692,23.7350702,07/06/2014 15:57,Athens,Greece
37.9339894,23.9458449,07/06/2014 17:12,Attica,Greece
37.9339127,23.9458047,07/06/2014 17:27,Attica,Greece
37.9338137,23.945677,07/06/2014 17:57,Attica,Greece
37.9336091,23.9460748,07/06/2014 18:57,Attica,Greece
40.9823519,28.8157561,07/06/2014 20:42,Istanbul,Turkey
40.9764858,28.8170347,07/06/2014 20:57,Istanbul,Turkey
40.9793871,28.8187957,07/06/2014 21:12,Istanbul,Turkey
40.9804617,28.8205271,07/06/2014 21:27,Istanbul,Turkey
40.9847229,28.8316584,07/06/2014 21:43,Istanbul,Turkey
41.0016292,28.9491905,07/06/2014 21:58,Istanbul,Turkey
41.0402122,28.9886386,07/06/2014 22:12,Istanbul,Turkey
41.0434912,28.9853641,07/06/2014 22:27,Istanbul,Turkey
41.043476,28.9854186,07/06/2014 23:12,Istanbul,Turkey
41.0434942,28.9854595,07/06/2014 23:23,Istanbul,Turkey
41.0434919,28.9854461,07/06/2014 23:37,Istanbul,Turkey
41.0434802,28.9854388,07/07/2014 00:37,Istanbul,Turkey
41.0435091,28.9854399,07/07/2014 01:06,Istanbul,Turkey
41.0434961,28.9854361,07/07/2014 01:22,Istanbul,Turkey
41.0434906,28.9854487,07/07/2014 03:37,Istanbul,Turkey
41.0434756,28.9854608,07/07/2014 03:52,Istanbul,Turkey
41.0434814,28.9854376,07/07/2014 05:37,Istanbul,Turkey
41.0434895,28.9854492,07/07/2014 07:06,Istanbul,Turkey
41.0434828,28.9854564,07/07/2014 07:20,Istanbul,Turkey
41.0434709,28.9854475,07/07/2014 07:50,Istanbul,Turkey
41.0434824,28.9854347,07/07/2014 08:05,Istanbul,Turkey
41.0434738,28.9854505,07/07/2014 08:20,Istanbul,Turkey
41.0445078,28.9833129,07/07/2014 08:50,Istanbul,Turkey
41.0408216,28.9861539,07/07/2014 09:05,Istanbul,Turkey
41.0180136,28.9737683,07/07/2014 09:50,Istanbul,Turkey
41.0153984,28.9776273,07/07/2014 10:05,Istanbul,Turkey
41.0104814,28.9783142,07/07/2014 10:20,Istanbul,Turkey
41.0075069,28.9757444,07/07/2014 11:35,Istanbul,Turkey
41.0048513,28.9764,07/07/2014 11:50,Istanbul,Turkey
41.0072583,28.9759344,07/07/2014 12:20,Istanbul,Turkey
41.0097616,28.9691664,07/07/2014 12:50,Istanbul,Turkey
41.0091726,28.9658489,07/07/2014 13:05,Istanbul,Turkey
41.0063322,28.9737349,07/07/2014 13:20,Istanbul,Turkey
41.00884168,28.97890266,07/07/2014 13:31,Istanbul,Turkey
41.0116484,28.9834547,07/07/2014 13:50,Istanbul,Turkey
41.009595,28.9796847,07/07/2014 15:35,Istanbul,Turkey
41.0149629,29.0107621,07/07/2014 16:56,Istanbul,Turkey
41.0142474,29.0112146,07/07/2014 17:43,Istanbul,Turkey
41.021378,29.0066639,07/07/2014 17:58,Istanbul,Turkey
41.01947427,28.98448986,07/07/2014 18:14,Istanbul,Turkey
41.0265028,28.9796558,07/07/2014 18:36,Istanbul,Turkey
41.0317592,28.9895346,07/07/2014 18:41,Istanbul,Turkey
41.0424766,28.986451,07/07/2014 18:57,Istanbul,Turkey
41.0434868,28.9854188,07/07/2014 19:14,Istanbul,Turkey
41.0434911,28.9854249,07/07/2014 19:42,Istanbul,Turkey
41.0434611,28.9854577,07/07/2014 19:58,Istanbul,Turkey
41.0434904,28.9854606,07/07/2014 20:16,Istanbul,Turkey
41.0434891,28.985429,07/07/2014 20:30,Istanbul,Turkey
41.0434918,28.9854377,07/07/2014 20:45,Istanbul,Turkey
41.0435008,28.9854665,07/07/2014 21:00,Istanbul,Turkey
41.0434557,28.9854307,07/07/2014 21:15,Istanbul,Turkey
41.0434647,28.9854405,07/07/2014 21:30,Istanbul,Turkey
41.0434855,28.9854543,07/07/2014 21:45,Istanbul,Turkey
41.0444898,28.983313,07/07/2014 22:00,Istanbul,Turkey
41.0443787,28.9834663,07/08/2014 03:45,Istanbul,Turkey
41.0434748,28.9854478,07/08/2014 06:15,Istanbul,Turkey
41.0434907,28.9854195,07/08/2014 06:30,Istanbul,Turkey
41.0434833,28.9854078,07/08/2014 06:45,Istanbul,Turkey
41.0434801,28.9854482,07/08/2014 07:00,Istanbul,Turkey
41.0116712,28.9762222,07/08/2014 10:15,Istanbul,Turkey
41.0125778,28.9779906,07/08/2014 10:45,Istanbul,Turkey
41.0186129,28.9671795,07/08/2014 11:30,Istanbul,Turkey
41.0155939,28.9629004,07/08/2014 11:45,Istanbul,Turkey
41.0155953,28.9674191,07/08/2014 12:45,Istanbul,Turkey
41.0177551,28.9736552,07/08/2014 13:00,Istanbul,Turkey
41.0283964,28.9799294,07/08/2014 13:15,Istanbul,Turkey
41.0331646,28.9822531,07/08/2014 13:30,Istanbul,Turkey
41.0331927,28.9820406,07/08/2014 15:30,Istanbul,Turkey
41.0355254,28.9846805,07/08/2014 15:45,Istanbul,Turkey
41.0443896,28.9833868,07/08/2014 16:15,Istanbul,Turkey
41.0434759,28.9854451,07/08/2014 16:30,Istanbul,Turkey
41.0445557,28.9832855,07/08/2014 16:44,Istanbul,Turkey
41.0434777,28.9854357,07/08/2014 17:14,Istanbul,Turkey
41.0434946,28.9854346,07/08/2014 17:29,Istanbul,Turkey
41.0434538,28.9854238,07/08/2014 17:45,Istanbul,Turkey
41.0370046,28.9856981,07/08/2014 18:29,Istanbul,Turkey
41.0339668,28.9922683,07/08/2014 18:49,Istanbul,Turkey
41.03398473,28.99222008,07/08/2014 18:51,Istanbul,Turkey
41.0093777,28.9655192,07/08/2014 19:17,Istanbul,Turkey
41.009014,28.96825,07/08/2014 19:33,Istanbul,Turkey
41.0089915,28.9682677,07/08/2014 20:03,Istanbul,Turkey
41.0097674,28.954203,07/08/2014 20:33,Istanbul,Turkey
41.0403945,28.9838584,07/08/2014 20:48,Istanbul,Turkey
41.0388312,28.9841972,07/08/2014 21:03,Istanbul,Turkey
41.0387571,28.9841212,07/08/2014 21:48,Istanbul,Turkey
41.0432544,28.9854776,07/08/2014 22:03,Istanbul,Turkey
41.0434875,28.9854878,07/08/2014 22:18,Istanbul,Turkey
41.0434912,28.9854438,07/08/2014 23:02,Istanbul,Turkey
41.0434999,28.9854506,07/08/2014 23:18,Istanbul,Turkey
41.0435097,28.9853823,07/09/2014 00:33,Istanbul,Turkey
41.0434967,28.9854334,07/09/2014 06:03,Istanbul,Turkey
41.0435128,28.9854091,07/09/2014 06:18,Istanbul,Turkey
40.9776372,28.8238788,07/09/2014 09:03,Istanbul,Turkey
40.977637,28.8239259,07/09/2014 09:18,Istanbul,Turkey
48.3564169,11.7921547,07/09/2014 13:11,Munich,Germany
48.3560128,11.7917104,07/09/2014 13:13,Munich,Germany
48.3565285,11.7921831,07/09/2014 13:14,Munich,Germany
48.3562848,11.7917104,07/09/2014 13:17,Munich,Germany
48.355328,11.7917104,07/09/2014 13:18,Munich,Germany
48.3571104,11.7913456,07/09/2014 13:20,Munich,Germany
